id,question_text,company,date,interview_id,company_norm,question_text_norm,cluster_id
q1,"2 этап - знакомство с менеджерами: рассказ о корпоративной культуре, технике, пересмотре зарплаты, соцпакете и дополнительных бонусах",- Знакомство С Менеджерами,2024-10-17,interview_-_Знакомство_С_Менеджерами_000,Знакомство С Менеджерами,"2 этап - знакомство с менеджерами: рассказ о корпоративной культуре, технике, пересмотре зарплаты, соцпакете и дополнительных бонусах",1
q1,Кратко про опыт,- Интеграционные Решения,2025-04-29,interview_-_Интеграционные_Решения_000,Интеграционные Решения,Кратко про опыт,2
q2,Что такое батчинг в реакт,- Интеграционные Решения,2025-04-29,interview_-_Интеграционные_Решения_000,Интеграционные Решения,Что такое батчинг в реакт,3
q3,Разница интерфейсов и типов,- Интеграционные Решения,2025-04-29,interview_-_Интеграционные_Решения_000,Интеграционные Решения,Разница интерфейсов и типов,4
q4,Что такое ref и зачем нужен,- Интеграционные Решения,2025-04-29,interview_-_Интеграционные_Решения_000,Интеграционные Решения,Что такое ref и зачем нужен,5
q5,Что такое cleanup функция в useEffect,- Интеграционные Решения,2025-04-29,interview_-_Интеграционные_Решения_000,Интеграционные Решения,Что такое cleanup функция в useEffect,6
q6,Разница между any / never / unknown,- Интеграционные Решения,2025-04-29,interview_-_Интеграционные_Решения_000,Интеграционные Решения,Разница между any / never / unknown,7
q1,"Реализовать метод groupBy, который группирует элементы массива объектов по заданному ключу и возвращает объект с массивами сгруппированных элементов",- Интеграционные Решения,2025-04-29,interview_-_Интеграционные_Решения_000,Интеграционные Решения,"Реализовать метод groupBy, который группирует элементы массива объектов по заданному ключу и возвращает объект с массивами сгруппированных элементов",8
q2,"Реализовать функцию compose, которая принимает несколько функций и возвращает новую функцию, последовательно применяющую переданные функции к аргументу",- Интеграционные Решения,2025-04-29,interview_-_Интеграционные_Решения_000,Интеграционные Решения,"Реализовать функцию compose, которая принимает несколько функций и возвращает новую функцию, последовательно применяющую переданные функции к аргументу",9
q3,"Реализовать кастомный React-хук useDebounce, который принимает значение и возвращает его с задержкой обновления в 500 мс, очищая таймаут при изменении значения",- Интеграционные Решения,2025-04-29,interview_-_Интеграционные_Решения_000,Интеграционные Решения,"Реализовать кастомный React-хук useDebounce, который принимает значение и возвращает его с задержкой обновления в 500 мс, очищая таймаут при изменении значения",10
q1,Что такое замыкания,- Ту Софт,2024-09-26,interview_-_Ту_Софт_000,Ту Софт,Что такое замыкания,11
q2,event-loop,- Ту Софт,2024-09-26,interview_-_Ту_Софт_000,Ту Софт,event-loop,12
q3,"Объясните принципы чистого кода: SOLID, KISS, DRY, YAGNI",- Ту Софт,2024-09-26,interview_-_Ту_Софт_000,Ту Софт,"Объясните принципы чистого кода: SOLID, KISS, DRY, YAGNI",13
q4,Что такое React,- Ту Софт,2024-09-26,interview_-_Ту_Софт_000,Ту Софт,Что такое React,14
q5,Что такое виртуальный дом в React,- Ту Софт,2024-09-26,interview_-_Ту_Софт_000,Ту Софт,Что такое виртуальный дом в React,15
q6,С какими хуками React вы работали и для чего они используются,- Ту Софт,2024-09-26,interview_-_Ту_Софт_000,Ту Софт,С какими хуками React вы работали и для чего они используются,16
q7,Обсуждение сложности алгоритмов и понятия Big O,- Ту Софт,2024-09-26,interview_-_Ту_Софт_000,Ту Софт,Обсуждение сложности алгоритмов и понятия Big O,17
q8,"Найдите медиану двух отсортированных массивов без использования сортировки, используя их упорядоченность для оптимального прохода",- Ту Софт,2024-09-26,interview_-_Ту_Софт_000,Ту Софт,"Найдите медиану двух отсортированных массивов без использования сортировки, используя их упорядоченность для оптимального прохода",18
q9,Опишите порядок выполнения операций в вашем решении задачи с медианой,- Ту Софт,2024-09-26,interview_-_Ту_Софт_000,Ту Софт,Опишите порядок выполнения операций в вашем решении задачи с медианой,19
q1,Нужно найти медиану двух отсортированных массивов за O(n),- Ту Софт,2024-09-22,interview_-_Ту_Софт_001,Ту Софт,Нужно найти медиану двух отсортированных массивов за O(n),20
q1,"Объясните, почему блок try...catch не ловит ошибки из промисов и как работает обработка ошибок в цепочке промисов",06 Иц-Айтеко,2025-06-05,interview_06_Иц-Айтеко_000,06 Иц-Айтеко,"Объясните, почему блок try...catch не ловит ошибки из промисов и как работает обработка ошибок в цепочке промисов",21
q2,"Проанализируйте вывод консольных логов в следующем коде: setTimeout(()=> console.log('setTimeout'), 0); console.log('scriptstart'); Promise.resolve().then(()=> { console.log(1); throw new Error('err'); console.log(100); }).then(()=> console.log(2)).then(()=> console.log(3))",06 Иц-Айтеко,2025-06-05,interview_06_Иц-Айтеко_000,06 Иц-Айтеко,"Проанализируйте вывод консольных логов в следующем коде: setTimeout(()=> console.log('setTimeout'), 0); console.log('scriptstart'); Promise.resolve().then(()=> { console.log(1); throw new Error('err'); console.log(100); }).then(()=> console.log(2)).then(()=> console.log(3))",22
q3,"Как можно отрефакторить задачу с консольными логами, вынеся таблицу и логику запроса",06 Иц-Айтеко,2025-06-05,interview_06_Иц-Айтеко_000,06 Иц-Айтеко,"Как можно отрефакторить задачу с консольными логами, вынеся таблицу и логику запроса",23
q4,"Зачем нужен React, объясните преимущества декларативности, виртуального DOM и процесса reconciliation",06 Иц-Айтеко,2025-06-05,interview_06_Иц-Айтеко_000,06 Иц-Айтеко,"Зачем нужен React, объясните преимущества декларативности, виртуального DOM и процесса reconciliation",24
q5,Почему нельзя просто изменить текст в элементе через DOM API в React,06 Иц-Айтеко,2025-06-05,interview_06_Иц-Айтеко_000,06 Иц-Айтеко,Почему нельзя просто изменить текст в элементе через DOM API в React,25
q6,Объясните разницу между умным и глупым компонентом в React,06 Иц-Айтеко,2025-06-05,interview_06_Иц-Айтеко_000,06 Иц-Айтеко,Объясните разницу между умным и глупым компонентом в React,26
q7,Перечислите и опишите методы жизненного цикла в React и работу хука useEffect,06 Иц-Айтеко,2025-06-05,interview_06_Иц-Айтеко_000,06 Иц-Айтеко,Перечислите и опишите методы жизненного цикла в React и работу хука useEffect,27
q8,"Что такое замыкание, приведите пример замыкания на основе использования setState внутри useEffect",06 Иц-Айтеко,2025-06-05,interview_06_Иц-Айтеко_000,06 Иц-Айтеко,"Что такое замыкание, приведите пример замыкания на основе использования setState внутри useEffect",28
q9,Объясните назначение свойства key в React,06 Иц-Айтеко,2025-06-05,interview_06_Иц-Айтеко_000,06 Иц-Айтеко,Объясните назначение свойства key в React,29
q10,Какие правила хуков в React существуют и почему их нужно соблюдать,06 Иц-Айтеко,2025-06-05,interview_06_Иц-Айтеко_000,06 Иц-Айтеко,Какие правила хуков в React существуют и почему их нужно соблюдать,30
q11,Что такое JSX и можно ли использовать React без него,06 Иц-Айтеко,2025-06-05,interview_06_Иц-Айтеко_000,06 Иц-Айтеко,Что такое JSX и можно ли использовать React без него,31
q1,Что такое event-loop,07 Точка Маркетплейсы,2024-07-26,interview_07_Точка_Маркетплейсы_000,07 Точка Маркетплейсы,Что такое event-loop,32
q1,Как задача прилетала в бэклог флоу,10 Бсс,2024-10-18,interview_10_Бсс_000,10 Бсс,Как задача прилетала в бэклог флоу,33
q2,this,10 Бсс,2024-10-18,interview_10_Бсс_000,10 Бсс,this,34
q3,call/bind/apply,10 Бсс,2024-10-18,interview_10_Бсс_000,10 Бсс,call/bind/apply,35
q4,Замыкание,10 Бсс,2024-10-18,interview_10_Бсс_000,10 Бсс,Замыкание,36
q5,EventLoop,10 Бсс,2024-10-18,interview_10_Бсс_000,10 Бсс,EventLoop,37
q6,Что относится к микротаскам,10 Бсс,2024-10-18,interview_10_Бсс_000,10 Бсс,Что относится к микротаскам,38
q7,async/await,10 Бсс,2024-10-18,interview_10_Бсс_000,10 Бсс,async/await,39
q8,DOM,10 Бсс,2024-10-18,interview_10_Бсс_000,10 Бсс,DOM,40
q9,Почему не можем использовать HTML вместо DOM (JavaScript работает только через DOM),10 Бсс,2024-10-18,interview_10_Бсс_000,10 Бсс,Почему не можем использовать HTML вместо DOM (JavaScript работает только через DOM),41
q10,Всплытие и погружение событий подробно,10 Бсс,2024-10-18,interview_10_Бсс_000,10 Бсс,Всплытие и погружение событий подробно,42
q11,stopPropagation и preventDefault,10 Бсс,2024-10-18,interview_10_Бсс_000,10 Бсс,stopPropagation и preventDefault,43
q12,"Назовите 3 React-хука, с которыми чаще всего работали",10 Бсс,2024-10-18,interview_10_Бсс_000,10 Бсс,"Назовите 3 React-хука, с которыми чаще всего работали",44
q13,useRef,10 Бсс,2024-10-18,interview_10_Бсс_000,10 Бсс,useRef,45
q14,useEffect: как может себя вести при отсутствии зависимостей или при их удалении,10 Бсс,2024-10-18,interview_10_Бсс_000,10 Бсс,useEffect: как может себя вести при отсутствии зависимостей или при их удалении,46
q15,HOC (Higher Order Component),10 Бсс,2024-10-18,interview_10_Бсс_000,10 Бсс,HOC (Higher Order Component),47
q16,useMemo vs useCallback,10 Бсс,2024-10-18,interview_10_Бсс_000,10 Бсс,useMemo vs useCallback,48
q17,Redux,10 Бсс,2024-10-18,interview_10_Бсс_000,10 Бсс,Redux,49
q18,Middleware в Redux,10 Бсс,2024-10-18,interview_10_Бсс_000,10 Бсс,Middleware в Redux,50
q19,HOC (Higher Order Function),10 Бсс,2024-10-18,interview_10_Бсс_000,10 Бсс,HOC (Higher Order Function),51
q20,HTTP vs HTTPS,10 Бсс,2024-10-18,interview_10_Бсс_000,10 Бсс,HTTP vs HTTPS,52
q21,Открытый и закрытый ключ,10 Бсс,2024-10-18,interview_10_Бсс_000,10 Бсс,Открытый и закрытый ключ,53
q22,Как настроить кэширование в браузере,10 Бсс,2024-10-18,interview_10_Бсс_000,10 Бсс,Как настроить кэширование в браузере,54
q23,sessionStorage vs localStorage,10 Бсс,2024-10-18,interview_10_Бсс_000,10 Бсс,sessionStorage vs localStorage,55
q24,"Написать функцию для проверки, является ли строка палиндромом, и предложить способы оптимизации решения",10 Бсс,2024-10-18,interview_10_Бсс_000,10 Бсс,"Написать функцию для проверки, является ли строка палиндромом, и предложить способы оптимизации решения",56
q25,"Написать функцию для проверки правильности совпадения скобок в строке (например, '((()))') и предложить способы оптимизации решения",10 Бсс,2024-10-18,interview_10_Бсс_000,10 Бсс,"Написать функцию для проверки правильности совпадения скобок в строке (например, '((()))') и предложить способы оптимизации решения",57
q26,"Привести строку с дробью к формату без скобок, например преобразовать '(9999/9999)'",10 Бсс,2024-10-18,interview_10_Бсс_000,10 Бсс,"Привести строку с дробью к формату без скобок, например преобразовать '(9999/9999)'",58
q1,class vs id,65Apps,2025-01-17,interview_65Apps_000,65Apps,class vs id,59
q2,модули в JS,65Apps,2025-01-17,interview_65Apps_000,65Apps,модули в JS,60
q3,Какие бывают бандлеры,65Apps,2025-01-17,interview_65Apps_000,65Apps,Какие бывают бандлеры,61
q4,Как оптимизировать бандл,65Apps,2025-01-17,interview_65Apps_000,65Apps,Как оптимизировать бандл,62
q5,ООП,65Apps,2025-01-17,interview_65Apps_000,65Apps,ООП,63
q6,Solid,65Apps,2025-01-17,interview_65Apps_000,65Apps,Solid,64
q7,JWT,65Apps,2025-01-17,interview_65Apps_000,65Apps,JWT,65
q8,Что хранится на бэке для авторизации,65Apps,2025-01-17,interview_65Apps_000,65Apps,Что хранится на бэке для авторизации,66
q9,"Реализуйте функцию flat, которая принимает массив с вложенными массивами и возвращает плоский массив с элементами всех уровней вложенности",65Apps,2025-01-17,interview_65Apps_000,65Apps,"Реализуйте функцию flat, которая принимает массив с вложенными массивами и возвращает плоский массив с элементами всех уровней вложенности",67
q1,Об опыте,Action Tech,2025-04-16,interview_Action_Tech_000,Action Tech,Об опыте,68
q2,Virtual dom,Action Tech,2025-04-16,interview_Action_Tech_000,Action Tech,Virtual dom,69
q3,Проп key,Action Tech,2025-04-16,interview_Action_Tech_000,Action Tech,Проп key,70
q4,Мемоизация в react,Action Tech,2025-04-16,interview_Action_Tech_000,Action Tech,Мемоизация в react,71
q5,Event loop,Action Tech,2025-04-16,interview_Action_Tech_000,Action Tech,Event loop,72
q6,"Что такое fsd, как внедряли его на проект",Action Tech,2025-04-16,interview_Action_Tech_000,Action Tech,"Что такое fsd, как внедряли его на проект",73
q7,Виды рендеринга,Action Tech,2025-04-16,interview_Action_Tech_000,Action Tech,Виды рендеринга,74
q8,Минусы / плюсы TS,Action Tech,2025-04-16,interview_Action_Tech_000,Action Tech,Минусы / плюсы TS,75
q9,Generics,Action Tech,2025-04-16,interview_Action_Tech_000,Action Tech,Generics,76
q10,"Utility types, кастомные утилиты",Action Tech,2025-04-16,interview_Action_Tech_000,Action Tech,"Utility types, кастомные утилиты",77
q11,Как работает браузер,Action Tech,2025-04-16,interview_Action_Tech_000,Action Tech,Как работает браузер,78
q12,http/https,Action Tech,2025-04-16,interview_Action_Tech_000,Action Tech,http/https,79
q1,Кратко про опыт работы,AEX Soft,2025-04-30,interview_AEX_Soft_000,AEX Soft,Кратко про опыт работы,2
q2,Axios или Fetch? Что сейчас лучше использовать?,AEX Soft,2025-04-30,interview_AEX_Soft_000,AEX Soft,Axios или Fetch? Что сейчас лучше использовать?,80
q3,Объясните разницу между any и unknown в TypeScript,AEX Soft,2025-04-30,interview_AEX_Soft_000,AEX Soft,Объясните разницу между any и unknown в TypeScript,81
q4,Что такое as const в TypeScript?,AEX Soft,2025-04-30,interview_AEX_Soft_000,AEX Soft,Что такое as const в TypeScript?,82
q5,Что такое infer в TypeScript?,AEX Soft,2025-04-30,interview_AEX_Soft_000,AEX Soft,Что такое infer в TypeScript?,83
q6,Что такое замыкание?,AEX Soft,2025-04-30,interview_AEX_Soft_000,AEX Soft,Что такое замыкание?,11
q7,Что такое reconciliation в React?,AEX Soft,2025-04-30,interview_AEX_Soft_000,AEX Soft,Что такое reconciliation в React?,84
q8,Что такое EventLoop?,AEX Soft,2025-04-30,interview_AEX_Soft_000,AEX Soft,Что такое EventLoop?,32
q9,Объясните принцип работы React.memo,AEX Soft,2025-04-30,interview_AEX_Soft_000,AEX Soft,Объясните принцип работы React.memo,85
q1,"Реализовать функцию groupAnagrams, которая группирует слова из массива по анаграммам",AEX Soft,2025-04-30,interview_AEX_Soft_000,AEX Soft,"Реализовать функцию groupAnagrams, которая группирует слова из массива по анаграммам",86
q2,"Написать функцию для поиска числа, которое встречается ровно 2 раза в массиве",AEX Soft,2025-04-30,interview_AEX_Soft_000,AEX Soft,"Написать функцию для поиска числа, которое встречается ровно 2 раза в массиве",87
q3,"Реализовать функцию isUnique, которая проверяет, что все строки в массиве уникальны",AEX Soft,2025-04-30,interview_AEX_Soft_000,AEX Soft,"Реализовать функцию isUnique, которая проверяет, что все строки в массиве уникальны",88
q4,Сделать React-компонент с 30 инпутами и вынести инпут в отдельный компонент InputField с управляемым состоянием,AEX Soft,2025-04-30,interview_AEX_Soft_000,AEX Soft,Сделать React-компонент с 30 инпутами и вынести инпут в отдельный компонент InputField с управляемым состоянием,89
q1,Что такое чистая функция,Aggregate Digital,2024-11-07,interview_Aggregate_Digital_000,Aggregate Digital,Что такое чистая функция,90
q2,Что такое замыкание (привести кейс замыкания),Aggregate Digital,2024-11-07,interview_Aggregate_Digital_000,Aggregate Digital,Что такое замыкание (привести кейс замыкания),91
q3,Как выполняется отрисовка в браузере,Aggregate Digital,2024-11-07,interview_Aggregate_Digital_000,Aggregate Digital,Как выполняется отрисовка в браузере,92
q4,Когда подключится js,Aggregate Digital,2024-11-07,interview_Aggregate_Digital_000,Aggregate Digital,Когда подключится js,93
q5,Event Loop,Aggregate Digital,2024-11-07,interview_Aggregate_Digital_000,Aggregate Digital,Event Loop,72
q6,Что такое VDOM,Aggregate Digital,2024-11-07,interview_Aggregate_Digital_000,Aggregate Digital,Что такое VDOM,94
q7,"useState, колбек функция стейта",Aggregate Digital,2024-11-07,interview_Aggregate_Digital_000,Aggregate Digital,"useState, колбек функция стейта",95
q8,Отличия useEffect от useLayoutEffect,Aggregate Digital,2024-11-07,interview_Aggregate_Digital_000,Aggregate Digital,Отличия useEffect от useLayoutEffect,96
q9,"Что такое key, зачем нужен",Aggregate Digital,2024-11-07,interview_Aggregate_Digital_000,Aggregate Digital,"Что такое key, зачем нужен",97
q10,Что нового в React 18,Aggregate Digital,2024-11-07,interview_Aggregate_Digital_000,Aggregate Digital,Что нового в React 18,98
q11,"React.memo, что такое, как юзать, как аргументы",Aggregate Digital,2024-11-07,interview_Aggregate_Digital_000,Aggregate Digital,"React.memo, что такое, как юзать, как аргументы",99
q12,FLUX - что такое,Aggregate Digital,2024-11-07,interview_Aggregate_Digital_000,Aggregate Digital,FLUX - что такое,100
q13,"Что не нравится в эффекторе, какие минусы видишь",Aggregate Digital,2024-11-07,interview_Aggregate_Digital_000,Aggregate Digital,"Что не нравится в эффекторе, какие минусы видишь",101
q14,Отличия типа от интерфейса в TypeScript,Aggregate Digital,2024-11-07,interview_Aggregate_Digital_000,Aggregate Digital,Отличия типа от интерфейса в TypeScript,102
q15,Есть ли перегрузка в TypeScript?,Aggregate Digital,2024-11-07,interview_Aggregate_Digital_000,Aggregate Digital,Есть ли перегрузка в TypeScript?,103
q16,"Что такое satisfies в TypeScript, отличия от as",Aggregate Digital,2024-11-07,interview_Aggregate_Digital_000,Aggregate Digital,"Что такое satisfies в TypeScript, отличия от as",104
q17,Декораторы в TypeScript,Aggregate Digital,2024-11-07,interview_Aggregate_Digital_000,Aggregate Digital,Декораторы в TypeScript,105
q1,"Задача: отрисовать шахматную доску и реализовать управление королем, который может ходить только на соседние 8 клеток, при этом закрашивать возможные ходы",Agima,2025-03-17,interview_Agima_000,Agima,"Задача: отрисовать шахматную доску и реализовать управление королем, который может ходить только на соседние 8 клеток, при этом закрашивать возможные ходы",106
q2,Объясните принцип работы React.memo и useCallback,Agima,2025-03-17,interview_Agima_000,Agima,Объясните принцип работы React.memo и useCallback,85
q3,Работали ли вы с Next.js?,Agima,2025-03-17,interview_Agima_000,Agima,Работали ли вы с Next.js?,107
q4,Работали ли вы с 3D графикой в JavaScript (Three.js)?,Agima,2025-03-17,interview_Agima_000,Agima,Работали ли вы с 3D графикой в JavaScript (Three.js)?,108
q5,"Расскажите, как вы попали в IT и фронтенд",Agima,2025-03-17,interview_Agima_000,Agima,"Расскажите, как вы попали в IT и фронтенд",109
q6,Расскажите про задачи на текущей работе и продукт,Agima,2025-03-17,interview_Agima_000,Agima,Расскажите про задачи на текущей работе и продукт,110
q1,"Про опыт, спрашивал по конкретной реализации фич на прошлых проектах",Aladdin,2024-11-27,interview_Aladdin_000,Aladdin,"Про опыт, спрашивал по конкретной реализации фич на прошлых проектах",111
q2,Про виртуализацию списков,Aladdin,2024-11-27,interview_Aladdin_000,Aladdin,Про виртуализацию списков,112
q3,Как можно вызвать ререндер child из parent не прокидывая пропсы в child,Aladdin,2024-11-27,interview_Aladdin_000,Aladdin,Как можно вызвать ререндер child из parent не прокидывая пропсы в child,113
q4,"Спрашивал о работе веб-сервера Nginx, что это и зачем вообще надо",Aladdin,2024-11-27,interview_Aladdin_000,Aladdin,"Спрашивал о работе веб-сервера Nginx, что это и зачем вообще надо",114
q5,TS: отличия типов от интерфейса,Aladdin,2024-11-27,interview_Aladdin_000,Aladdin,TS: отличия типов от интерфейса,115
q6,Utility types в TypeScript,Aladdin,2024-11-27,interview_Aladdin_000,Aladdin,Utility types в TypeScript,116
q7,Методы массивов,Aladdin,2024-11-27,interview_Aladdin_000,Aladdin,Методы массивов,117
q8,useEffect и useLayoutEffect,Aladdin,2024-11-27,interview_Aladdin_000,Aladdin,useEffect и useLayoutEffect,118
q9,Дженерики в TypeScript и можно ли указать дженерик в JSX при рендере компонента,Aladdin,2024-11-27,interview_Aladdin_000,Aladdin,Дженерики в TypeScript и можно ли указать дженерик в JSX при рендере компонента,119
q10,"useRef и forwardRef, можно ли реф прокинуть в дочерний компонент просто как пропс",Aladdin,2024-11-27,interview_Aladdin_000,Aladdin,"useRef и forwardRef, можно ли реф прокинуть в дочерний компонент просто как пропс",120
q1,"Написать каррированную функцию, которая принимает числа аргументами, после всех вызовов идет пустой вызов без аргументов, который свидетельствует об окончании работы функции, если функция сразу вызвана без аргументов — вернуть 0",Aladdin,2024-11-27,interview_Aladdin_000,Aladdin,"Написать каррированную функцию, которая принимает числа аргументами, после всех вызовов идет пустой вызов без аргументов, который свидетельствует об окончании работы функции, если функция сразу вызвана без аргументов — вернуть 0",121
q11,Задача на EventLoop,Aladdin,2024-11-27,interview_Aladdin_000,Aladdin,Задача на EventLoop,122
q1,По пункту в резюме: как реализовано скачивание файлов в pdf,Alderasoft,2025-02-07,interview_Alderasoft_000,Alderasoft,По пункту в резюме: как реализовано скачивание файлов в pdf,123
q2,В чем разница между null и undefined,Alderasoft,2025-02-07,interview_Alderasoft_000,Alderasoft,В чем разница между null и undefined,124
q3,Что такое Symbol и зачем он нужен,Alderasoft,2025-02-07,interview_Alderasoft_000,Alderasoft,Что такое Symbol и зачем он нужен,125
q4,Пользовался ли var и почему не рекомендуется использовать эту переменную,Alderasoft,2025-02-07,interview_Alderasoft_000,Alderasoft,Пользовался ли var и почему не рекомендуется использовать эту переменную,126
q5,Можно ли через const изменить свойства объекта,Alderasoft,2025-02-07,interview_Alderasoft_000,Alderasoft,Можно ли через const изменить свойства объекта,127
q6,"Можно ли сделать так, чтобы нельзя было менять свойства объекта (заморозить объект)",Alderasoft,2025-02-07,interview_Alderasoft_000,Alderasoft,"Можно ли сделать так, чтобы нельзя было менять свойства объекта (заморозить объект)",128
q7,Что такое замыкание,Alderasoft,2025-02-07,interview_Alderasoft_000,Alderasoft,Что такое замыкание,11
q9,"Какие бывают виды функций, как работает контекст и какие есть методы сохранения контекста",Alderasoft,2025-02-07,interview_Alderasoft_000,Alderasoft,"Какие бывают виды функций, как работает контекст и какие есть методы сохранения контекста",129
q10,Можно ли применять bind/call/apply к стрелочным функциям и почему,Alderasoft,2025-02-07,interview_Alderasoft_000,Alderasoft,Можно ли применять bind/call/apply к стрелочным функциям и почему,130
q11,"Расскажите все про промисы, включая статичные методы промиса, async/await и способы избегания callback hell",Alderasoft,2025-02-07,interview_Alderasoft_000,Alderasoft,"Расскажите все про промисы, включая статичные методы промиса, async/await и способы избегания callback hell",131
q12,Какие основные методы массива вы знаете,Alderasoft,2025-02-07,interview_Alderasoft_000,Alderasoft,Какие основные методы массива вы знаете,132
q13,Что такое AbortController и как отменять запросы с помощью axios,Alderasoft,2025-02-07,interview_Alderasoft_000,Alderasoft,Что такое AbortController и как отменять запросы с помощью axios,133
q14,"Делали ли вы дженерики и в каких случаях, например в кастомных утилитах",Alderasoft,2025-02-07,interview_Alderasoft_000,Alderasoft,"Делали ли вы дженерики и в каких случаях, например в кастомных утилитах",134
q15,"В чем разница между interface и type, что такое infer, и разница между any, unknown и never",Alderasoft,2025-02-07,interview_Alderasoft_000,Alderasoft,"В чем разница между interface и type, что такое infer, и разница между any, unknown и never",135
q16,Расскажите кратко про React,Alderasoft,2025-02-07,interview_Alderasoft_000,Alderasoft,Расскажите кратко про React,136
q17,Какие способы оптимизации React-приложений вы знаете,Alderasoft,2025-02-07,interview_Alderasoft_000,Alderasoft,Какие способы оптимизации React-приложений вы знаете,137
q18,"Сравните React, Vue и Angular",Alderasoft,2025-02-07,interview_Alderasoft_000,Alderasoft,"Сравните React, Vue и Angular",138
q19,Что такое хуки в React,Alderasoft,2025-02-07,interview_Alderasoft_000,Alderasoft,Что такое хуки в React,139
q20,"Что такое контекст в React, зачем он нужен и как работает",Alderasoft,2025-02-07,interview_Alderasoft_000,Alderasoft,"Что такое контекст в React, зачем он нужен и как работает",140
q21,"Написать тип для функции multiplyBy2, которая является свойством функции sum: sum принимает два числа и возвращает число, sum.multiplyBy2 принимает два числа и возвращает число, равное sum(a,b) * 2",Alderasoft,2025-02-07,interview_Alderasoft_000,Alderasoft,"Написать тип для функции multiplyBy2, которая является свойством функции sum: sum принимает два числа и возвращает число, sum.multiplyBy2 принимает два числа и возвращает число, равное sum(a,b) * 2",141
q1,Какие способы оптимизации ты использовал в своём приложении.,Alfabit,2024-02-21,interview_Alfabit_000,Alfabit,Какие способы оптимизации ты использовал в своём приложении.,142
q2,"Тебе нужно выполнить объёмную операцию, которая займёт продолжительное время, что нужно сделать, чтобы браузер не тормозил, не завис.",Alfabit,2024-02-21,interview_Alfabit_000,Alfabit,"Тебе нужно выполнить объёмную операцию, которая займёт продолжительное время, что нужно сделать, чтобы браузер не тормозил, не завис.",143
q3,Утечка памяти. Как ты с ней борешься и какие инструменты используешь.,Alfabit,2024-02-21,interview_Alfabit_000,Alfabit,Утечка памяти. Как ты с ней борешься и какие инструменты используешь.,144
q4,"Бывает, что страница прыгает при отрисовке, как этого избежать.",Alfabit,2024-02-21,interview_Alfabit_000,Alfabit,"Бывает, что страница прыгает при отрисовке, как этого избежать.",145
q5,Какие методы защиты ты используешь для своего приложения.,Alfabit,2024-02-21,interview_Alfabit_000,Alfabit,Какие методы защиты ты используешь для своего приложения.,146
q6,Синхронные и асинхронные функции.,Alfabit,2024-02-21,interview_Alfabit_000,Alfabit,Синхронные и асинхронные функции.,147
q7,"Есть сайт, где продают кроссовки. Что будет происходить при его запросе, если использовать SSR и SPA.",Alfabit,2024-02-21,interview_Alfabit_000,Alfabit,"Есть сайт, где продают кроссовки. Что будет происходить при его запросе, если использовать SSR и SPA.",148
q8,Способы оптимизации vue приложений.,Alfabit,2024-02-21,interview_Alfabit_000,Alfabit,Способы оптимизации vue приложений.,149
q9,"Зачем использовать Pinia, если можно обойтись ref.",Alfabit,2024-02-21,interview_Alfabit_000,Alfabit,"Зачем использовать Pinia, если можно обойтись ref.",150
q1,Расскажи про опыт,Algorithmic Brains,2024-07-12,interview_Algorithmic_Brains_000,Algorithmic Brains,Расскажи про опыт,151
q2,"Объясните разницу между var, let и const",Algorithmic Brains,2024-07-12,interview_Algorithmic_Brains_000,Algorithmic Brains,"Объясните разницу между var, let и const",152
q3,"Объясните разницу между Cookie, LocalStorage и SessionStorage",Algorithmic Brains,2024-07-12,interview_Algorithmic_Brains_000,Algorithmic Brains,"Объясните разницу между Cookie, LocalStorage и SessionStorage",153
q4,"Что такое callback hell, promise и async/await",Algorithmic Brains,2024-07-12,interview_Algorithmic_Brains_000,Algorithmic Brains,"Что такое callback hell, promise и async/await",154
q5,Какие существуют статические методы у Promise,Algorithmic Brains,2024-07-12,interview_Algorithmic_Brains_000,Algorithmic Brains,Какие существуют статические методы у Promise,155
q7,"Что выведет метод массива в зависимости от того, какая функция используется: стрелочная или function declaration",Algorithmic Brains,2024-07-12,interview_Algorithmic_Brains_000,Algorithmic Brains,"Что выведет метод массива в зависимости от того, какая функция используется: стрелочная или function declaration",156
q8,"Дан массив с повторяющимися цифрами. Нужно получить объект, где ключ — значение из массива, а значение — количество повторений",Algorithmic Brains,2024-07-12,interview_Algorithmic_Brains_000,Algorithmic Brains,"Дан массив с повторяющимися цифрами. Нужно получить объект, где ключ — значение из массива, а значение — количество повторений",157
q9,"Сделать условный ToDo-лист на React с возможностью редактирования, удаления и переключения режима редактирования пользователя",Algorithmic Brains,2024-07-12,interview_Algorithmic_Brains_000,Algorithmic Brains,"Сделать условный ToDo-лист на React с возможностью редактирования, удаления и переключения режима редактирования пользователя",158
q10,Реализовать загрузку данных с использованием Promise.all для параллельного получения userData и postData с последующим обновлением состояния в React,Algorithmic Brains,2024-07-12,interview_Algorithmic_Brains_000,Algorithmic Brains,Реализовать загрузку данных с использованием Promise.all для параллельного получения userData и postData с последующим обновлением состояния в React,159
q1,Рассказать про задачи какие делал,Altenar,2025-07-11,interview_Altenar_000,Altenar,Рассказать про задачи какие делал,160
q2,Какие стейтменеджеры использовал?,Altenar,2025-07-11,interview_Altenar_000,Altenar,Какие стейтменеджеры использовал?,161
q3,Что такое Context в React?,Altenar,2025-07-11,interview_Altenar_000,Altenar,Что такое Context в React?,140
q4,Есть два стора в Redux как их объединить?,Altenar,2025-07-11,interview_Altenar_000,Altenar,Есть два стора в Redux как их объединить?,162
q5,Зачем нужен тип never? В чем отличие от void?,Altenar,2025-07-11,interview_Altenar_000,Altenar,Зачем нужен тип never? В чем отличие от void?,163
q6,Что такое оптимистический ответ на фронте?,Altenar,2025-07-11,interview_Altenar_000,Altenar,Что такое оптимистический ответ на фронте?,164
q1,Где сейчас проживаете?,Altenar,2025-07-08,interview_Altenar_001,Altenar,Где сейчас проживаете?,165
q2,Какие хобби?,Altenar,2025-07-08,interview_Altenar_001,Altenar,Какие хобби?,166
q3,Как будете выбирать оффер из нескольких?,Altenar,2025-07-08,interview_Altenar_001,Altenar,Как будете выбирать оффер из нескольких?,167
q4,"Представьте что условия в оффере одинаковые, компании одинаковые, собес прошёл везде отлично. Как будете выбирать?",Altenar,2025-07-08,interview_Altenar_001,Altenar,"Представьте что условия в оффере одинаковые, компании одинаковые, собес прошёл везде отлично. Как будете выбирать?",168
q5,Собираетесь ли переезжать?,Altenar,2025-07-08,interview_Altenar_001,Altenar,Собираетесь ли переезжать?,169
q6,Как относитесь к посещению офиса 2 раза в неделю?,Altenar,2025-07-08,interview_Altenar_001,Altenar,Как относитесь к посещению офиса 2 раза в неделю?,170
q7,Как вы оцените свой уровень как разработчика? Почему не сеньор?,Altenar,2025-07-08,interview_Altenar_001,Altenar,Как вы оцените свой уровень как разработчика? Почему не сеньор?,171
q8,Как развиваетесь в свободное время?,Altenar,2025-07-08,interview_Altenar_001,Altenar,Как развиваетесь в свободное время?,172
q1,Как для тебя выглядит налаженный процесс постановки задачи?,Altenar,2025-07-08,interview_Altenar_002,Altenar,Как для тебя выглядит налаженный процесс постановки задачи?,173
q2,Как была построена работа с аналитиками и дизайнерами?,Altenar,2025-07-08,interview_Altenar_002,Altenar,Как была построена работа с аналитиками и дизайнерами?,174
q3,"Бывало такое что что-то шло не так в коммуникации, что-то не учли где-то?",Altenar,2025-07-08,interview_Altenar_002,Altenar,"Бывало такое что что-то шло не так в коммуникации, что-то не учли где-то?",175
q4,Работал с zustand или valtio?,Altenar,2025-07-08,interview_Altenar_002,Altenar,Работал с zustand или valtio?,176
q5,Почему именно эти библиотеки были выбраны при решении задачи?,Altenar,2025-07-08,interview_Altenar_002,Altenar,Почему именно эти библиотеки были выбраны при решении задачи?,177
q6,"Расскажи как у вас был построен процесс внедрения новых библиотек, кто принимал решение за их внедрение?",Altenar,2025-07-08,interview_Altenar_002,Altenar,"Расскажи как у вас был построен процесс внедрения новых библиотек, кто принимал решение за их внедрение?",178
q7,Расскажи про свой самый большой факап на работе?,Altenar,2025-07-08,interview_Altenar_002,Altenar,Расскажи про свой самый большой факап на работе?,179
q8,Что в свободное время делаешь?,Altenar,2025-07-08,interview_Altenar_002,Altenar,Что в свободное время делаешь?,180
q9,Как относишься к мату?,Altenar,2025-07-08,interview_Altenar_002,Altenar,Как относишься к мату?,181
q10,Какой лучший мем по твоему мнению на данный момент?,Altenar,2025-07-08,interview_Altenar_002,Altenar,Какой лучший мем по твоему мнению на данный момент?,182
q1,Как распределялись задачи на спринт?,Altenar,2025-06-28,interview_Altenar_003,Altenar,Как распределялись задачи на спринт?,183
q2,Как внутри команды договаривались о внедрении новой технологии или библиотеки?,Altenar,2025-06-28,interview_Altenar_003,Altenar,Как внутри команды договаривались о внедрении новой технологии или библиотеки?,184
q3,"Были ли моменты, когда твоё решение или решение команды по внедрению технологий не нравилось, и как это решали?",Altenar,2025-06-28,interview_Altenar_003,Altenar,"Были ли моменты, когда твоё решение или решение команды по внедрению технологий не нравилось, и как это решали?",185
q4,Какой у тебя был уровень в команде?,Altenar,2025-06-28,interview_Altenar_003,Altenar,Какой у тебя был уровень в команде?,186
q5,Какие есть подходы управления состоянием в React и в каких случаях лучше использовать каждый из них?,Altenar,2025-06-28,interview_Altenar_003,Altenar,Какие есть подходы управления состоянием в React и в каких случаях лучше использовать каждый из них?,187
q6,Чем отличается концепция Redux и MobX?,Altenar,2025-06-28,interview_Altenar_003,Altenar,Чем отличается концепция Redux и MobX?,188
q7,Как бы ты организовывал работу с большим стором в React с использованием слайсов?,Altenar,2025-06-28,interview_Altenar_003,Altenar,Как бы ты организовывал работу с большим стором в React с использованием слайсов?,189
q8,Как работают слайсы в Redux и могут ли они общаться друг с другом?,Altenar,2025-06-28,interview_Altenar_003,Altenar,Как работают слайсы в Redux и могут ли они общаться друг с другом?,190
q9,Можем ли мы как-то передать информацию между слайсами в Redux?,Altenar,2025-06-28,interview_Altenar_003,Altenar,Можем ли мы как-то передать информацию между слайсами в Redux?,191
q10,"Как создать несколько инстансов одного Redux стора, чтобы изолировать их, например, засунуть в контекст?",Altenar,2025-06-28,interview_Altenar_003,Altenar,"Как создать несколько инстансов одного Redux стора, чтобы изолировать их, например, засунуть в контекст?",192
q11,Рефакторинг React-приложения с использованием TypeScript,Altenar,2025-06-28,interview_Altenar_003,Altenar,Рефакторинг React-приложения с использованием TypeScript,193
q1,Как пришел в IT,AmoCRM,2025-07-16,interview_AmoCRM_000,AmoCRM,Как пришел в IT,194
q2,Чем хочешь заниматься сейчас,AmoCRM,2025-07-16,interview_AmoCRM_000,AmoCRM,Чем хочешь заниматься сейчас,195
q3,Какое для себя видишь развитие,AmoCRM,2025-07-16,interview_AmoCRM_000,AmoCRM,Какое для себя видишь развитие,196
q4,Почему меняешь работу,AmoCRM,2025-07-16,interview_AmoCRM_000,AmoCRM,Почему меняешь работу,197
q5,Предметные вопросы про опыт,AmoCRM,2025-07-16,interview_AmoCRM_000,AmoCRM,Предметные вопросы про опыт,198
q6,"У тебя есть бандл, твоя задача его оптимизировать (только js). Сборка приложения происходит на webpack",AmoCRM,2025-07-16,interview_AmoCRM_000,AmoCRM,"У тебя есть бандл, твоя задача его оптимизировать (только js). Сборка приложения происходит на webpack",199
q7,"У тебя есть проект с более чем 10 разделами с разной бизнес логикой, у проекта нет автоматического тестирования. Что ты будешь делать, чтобы исправить это",AmoCRM,2025-07-16,interview_AmoCRM_000,AmoCRM,"У тебя есть проект с более чем 10 разделами с разной бизнес логикой, у проекта нет автоматического тестирования. Что ты будешь делать, чтобы исправить это",200
q8,"Напишите функцию, которая генерирует случайный цвет в формате HEX (#ffffff)",AmoCRM,2025-07-16,interview_AmoCRM_000,AmoCRM,"Напишите функцию, которая генерирует случайный цвет в формате HEX (#ffffff)",201
q9,Напишите функцию генерации случайного цвета в формате HEX в одну строку,AmoCRM,2025-07-16,interview_AmoCRM_000,AmoCRM,Напишите функцию генерации случайного цвета в формате HEX в одну строку,202
q10,"Напишите метод, который генерирует случайный 4-х значный код от 0000 до 9999, при этом каждый вызов должен возвращать новый, неповторяющийся код, а после использования всех кодов метод должен обнулить счетчик",AmoCRM,2025-07-16,interview_AmoCRM_000,AmoCRM,"Напишите метод, который генерирует случайный 4-х значный код от 0000 до 9999, при этом каждый вызов должен возвращать новый, неповторяющийся код, а после использования всех кодов метод должен обнулить счетчик",203
q11,Какие еще возможные решения задачи генерации неповторяющегося 4-х значного кода от 0000 до 9999 с обнулением после исчерпания всех кодов,AmoCRM,2025-07-16,interview_AmoCRM_000,AmoCRM,Какие еще возможные решения задачи генерации неповторяющегося 4-х значного кода от 0000 до 9999 с обнулением после исчерпания всех кодов,204
q1,Сколько нужно было апрувов для пуша в фичи в ветку,AmoCRM,2025-07-07,interview_AmoCRM_001,AmoCRM,Сколько нужно было апрувов для пуша в фичи в ветку,205
q2,Какие линтеры и форматировщики использовали,AmoCRM,2025-07-07,interview_AmoCRM_001,AmoCRM,Какие линтеры и форматировщики использовали,206
q3,Как отсматриваете свои фичи и как кто смотрит,AmoCRM,2025-07-07,interview_AmoCRM_001,AmoCRM,Как отсматриваете свои фичи и как кто смотрит,207
q4,useEffect синхронный или асинхронный?,AmoCRM,2025-07-07,interview_AmoCRM_001,AmoCRM,useEffect синхронный или асинхронный?,208
q5,Какие жизненные циклы реализует useEffect,AmoCRM,2025-07-07,interview_AmoCRM_001,AmoCRM,Какие жизненные циклы реализует useEffect,209
q6,Для чего нужна cleanup функция в useEffect,AmoCRM,2025-07-07,interview_AmoCRM_001,AmoCRM,Для чего нужна cleanup функция в useEffect,6
q7,Для чего используется key в React,AmoCRM,2025-07-07,interview_AmoCRM_001,AmoCRM,Для чего используется key в React,29
q8,Что используешь для key в React,AmoCRM,2025-07-07,interview_AmoCRM_001,AmoCRM,Что используешь для key в React,29
q9,"Расскажи про Flux всё, что знаешь",AmoCRM,2025-07-07,interview_AmoCRM_001,AmoCRM,"Расскажи про Flux всё, что знаешь",210
q10,"Расскажи про event loop всё, что знаешь",AmoCRM,2025-07-07,interview_AmoCRM_001,AmoCRM,"Расскажи про event loop всё, что знаешь",211
q11,"Написать функцию генерации случайного hex цвета, возвращающую строку вида #xxxxxx с шестью символами от 0 до f",AmoCRM,2025-07-07,interview_AmoCRM_001,AmoCRM,"Написать функцию генерации случайного hex цвета, возвращающую строку вида #xxxxxx с шестью символами от 0 до f",212
q12,"Реализовать функцию groupDataBySkill, которая группирует массив объектов по полю skill, возвращая объект с ключами-скиллами и значениями-массивами объектов с этим скиллом",AmoCRM,2025-07-07,interview_AmoCRM_001,AmoCRM,"Реализовать функцию groupDataBySkill, которая группирует массив объектов по полю skill, возвращая объект с ключами-скиллами и значениями-массивами объектов с этим скиллом",213
q1,В целом отдаешь предпочтение готовым решениям или сам изобретаешь велосипед?,AmoCRM,2025-06-17,interview_AmoCRM_002,AmoCRM,В целом отдаешь предпочтение готовым решениям или сам изобретаешь велосипед?,214
q2,"На перфоманс проверяете, когда затаскиваете новую библиотеку?",AmoCRM,2025-06-17,interview_AmoCRM_002,AmoCRM,"На перфоманс проверяете, когда затаскиваете новую библиотеку?",215
q3,Как проводили код ревью? На что обращали внимание?,AmoCRM,2025-06-17,interview_AmoCRM_002,AmoCRM,Как проводили код ревью? На что обращали внимание?,216
q4,Сколько по времени тратили на просмотр кода на ревью?,AmoCRM,2025-06-17,interview_AmoCRM_002,AmoCRM,Сколько по времени тратили на просмотр кода на ревью?,217
q5,"Почему выбирают React, а не нативный JavaScript? Какие преимущества дает эта библиотека? И что ты знаешь о методах оптимизации в React?",AmoCRM,2025-06-17,interview_AmoCRM_002,AmoCRM,"Почему выбирают React, а не нативный JavaScript? Какие преимущества дает эта библиотека? И что ты знаешь о методах оптимизации в React?",218
q6,Хук useEffect. В какой момент он срабатывает? Для чего используется? Можем ли мы подписываться на какие-то события в браузере?,AmoCRM,2025-06-17,interview_AmoCRM_002,AmoCRM,Хук useEffect. В какой момент он срабатывает? Для чего используется? Можем ли мы подписываться на какие-то события в браузере?,219
q7,Как реализована функция очистки (clean up) в useEffect?,AmoCRM,2025-06-17,interview_AmoCRM_002,AmoCRM,Как реализована функция очистки (clean up) в useEffect?,6
q8,Для чего могут использоваться keys в React? Как их правильно задавать?,AmoCRM,2025-06-17,interview_AmoCRM_002,AmoCRM,Для чего могут использоваться keys в React? Как их правильно задавать?,220
q9,В чем недостаток использования Math.random() для генерации keys в React?,AmoCRM,2025-06-17,interview_AmoCRM_002,AmoCRM,В чем недостаток использования Math.random() для генерации keys в React?,221
q10,С какими стейт менеджерами работал?,AmoCRM,2025-06-17,interview_AmoCRM_002,AmoCRM,С какими стейт менеджерами работал?,222
q11,"Расскажи, что такое flux архитектура? Как работает цикл внутри flux?",AmoCRM,2025-06-17,interview_AmoCRM_002,AmoCRM,"Расскажи, что такое flux архитектура? Как работает цикл внутри flux?",223
q12,Сталкивался ли с дженериками в TypeScript? Что это и для чего использовать?,AmoCRM,2025-06-17,interview_AmoCRM_002,AmoCRM,Сталкивался ли с дженериками в TypeScript? Что это и для чего использовать?,224
q13,Какие utility types в TypeScript знаешь? С какими сталкивался в работе? Что они делают?,AmoCRM,2025-06-17,interview_AmoCRM_002,AmoCRM,Какие utility types в TypeScript знаешь? С какими сталкивался в работе? Что они делают?,225
q14,Расскажи про EventLoop в JavaScript,AmoCRM,2025-06-17,interview_AmoCRM_002,AmoCRM,Расскажи про EventLoop в JavaScript,226
q1,"Напишите функцию, которая генерирует случайный цвет в формате HEX (#ffffff) с использованием генератора случайных кодов с предзаполненным и перемешанным стеком значений",AmoCRM,2025-06-17,interview_AmoCRM_002,AmoCRM,"Напишите функцию, которая генерирует случайный цвет в формате HEX (#ffffff) с использованием генератора случайных кодов с предзаполненным и перемешанным стеком значений",201
q2,Определите порядок вывода чисел в консоль для данного асинхронного кода с setTimeout и Promise,AmoCRM,2025-06-17,interview_AmoCRM_002,AmoCRM,Определите порядок вывода чисел в консоль для данного асинхронного кода с setTimeout и Promise,227
q1,"Реализуйте функцию generateRandomHexColor, которая генерирует случайный HEX цвет в формате #xxxxxx",AmoCRM,2025-06-03,interview_AmoCRM_003,AmoCRM,"Реализуйте функцию generateRandomHexColor, которая генерирует случайный HEX цвет в формате #xxxxxx",228
q2,"Напишите метод getCode, который генерирует случайный 4-х значный код от 0000 до 9999, при этом каждый вызов должен возвращать новый неповторяющийся код, а после использования всех кодов счетчик должен обнуляться",AmoCRM,2025-06-03,interview_AmoCRM_003,AmoCRM,"Напишите метод getCode, который генерирует случайный 4-х значный код от 0000 до 9999, при этом каждый вызов должен возвращать новый неповторяющийся код, а после использования всех кодов счетчик должен обнуляться",203
q3,Определите порядок вывода чисел в консоль при выполнении вложенных setTimeout и Promise с учетом event-loop,AmoCRM,2025-06-03,interview_AmoCRM_003,AmoCRM,Определите порядок вывода чисел в консоль при выполнении вложенных setTimeout и Promise с учетом event-loop,227
q4,"Как можно улучшить функцию groupDataBySkill, которая группирует массив объектов по полю skill, используя reduce и учитывая обработку ошибок при асинхронном получении данных",AmoCRM,2025-06-03,interview_AmoCRM_003,AmoCRM,"Как можно улучшить функцию groupDataBySkill, которая группирует массив объектов по полю skill, используя reduce и учитывая обработку ошибок при асинхронном получении данных",229
q1,Расскажи про свои сложные задачи,Angie,2024-11-22,interview_Angie_000,Angie,Расскажи про свои сложные задачи,230
q2,"Представь что возникла ошибка на странице в UI например, как бы ты решал эту проблему? Например ошибка в внешней библиотеке, как бы ты решал в этом случае проблему?",Angie,2024-11-22,interview_Angie_000,Angie,"Представь что возникла ошибка на странице в UI например, как бы ты решал эту проблему? Например ошибка в внешней библиотеке, как бы ты решал в этом случае проблему?",231
q3,Что такое JavaScript?,Angie,2024-11-22,interview_Angie_000,Angie,Что такое JavaScript?,232
q4,JS интерпретируемый или компилируемый ЯП?,Angie,2024-11-22,interview_Angie_000,Angie,JS интерпретируемый или компилируемый ЯП?,233
q5,В чем отличие интерпретируемого ЯП от компилируемого?,Angie,2024-11-22,interview_Angie_000,Angie,В чем отличие интерпретируемого ЯП от компилируемого?,234
q6,"Что из последнего читал из новостей статей о технологиях, что возможно использовал в работе",Angie,2024-11-22,interview_Angie_000,Angie,"Что из последнего читал из новостей статей о технологиях, что возможно использовал в работе",235
q7,Что такое ECMAScript?,Angie,2024-11-22,interview_Angie_000,Angie,Что такое ECMAScript?,236
q8,Что такое CORS? Как настроить CORS?,Angie,2024-11-22,interview_Angie_000,Angie,Что такое CORS? Как настроить CORS?,237
q9,Как работает JS в браузере? С помощью чего он работает там?,Angie,2024-11-22,interview_Angie_000,Angie,Как работает JS в браузере? С помощью чего он работает там?,238
q10,Как работает EventLoop?,Angie,2024-11-22,interview_Angie_000,Angie,Как работает EventLoop?,32
q11,Что такое стек вызовов и как он работает?,Angie,2024-11-22,interview_Angie_000,Angie,Что такое стек вызовов и как он работает?,239
q12,"В чем отличие var, let, const?",Angie,2024-11-22,interview_Angie_000,Angie,"В чем отличие var, let, const?",240
q13,Что такое this и как работает?,Angie,2024-11-22,interview_Angie_000,Angie,Что такое this и как работает?,241
q14,Какие хранилища данных ты знаешь в браузере и в чем их отличие? Назови различия между localStorage и cookies в сценариях использования.,Angie,2024-11-22,interview_Angie_000,Angie,Какие хранилища данных ты знаешь в браузере и в чем их отличие? Назови различия между localStorage и cookies в сценариях использования.,242
q15,Из чего состоит HTTP запрос?,Angie,2024-11-22,interview_Angie_000,Angie,Из чего состоит HTTP запрос?,243
q16,"Что такое заголовки в HTTP запросе, их правила, зачем они нужны, и почему мы не можем просто передавать заголовки в body например?",Angie,2024-11-22,interview_Angie_000,Angie,"Что такое заголовки в HTTP запросе, их правила, зачем они нужны, и почему мы не можем просто передавать заголовки в body например?",244
q17,"Как сделать так чтобы при нажатии на ссылку у нас скачивался файл? А теперь как сделать так, чтобы при переходе по урлу у нас сразу скачивался файл?",Angie,2024-11-22,interview_Angie_000,Angie,"Как сделать так чтобы при нажатии на ссылку у нас скачивался файл? А теперь как сделать так, чтобы при переходе по урлу у нас сразу скачивался файл?",245
q18,Что такое browser object model и что туда входит?,Angie,2024-11-22,interview_Angie_000,Angie,Что такое browser object model и что туда входит?,246
q1,"Определи что выведется в консоль в функции logContext и исправь код так, чтобы выводился контекст 'inner obj'",Angie,2024-11-22,interview_Angie_000,Angie,"Определи что выведется в консоль в функции logContext и исправь код так, чтобы выводился контекст 'inner obj'",247
q2,"Отрефакторь React-компонент Users с использованием useState и useEffect, исправь ошибки в обработке формы и запросах fetch",Angie,2024-11-22,interview_Angie_000,Angie,"Отрефакторь React-компонент Users с использованием useState и useEffect, исправь ошибки в обработке формы и запросах fetch",248
q3,"Определи порядок вывода в консоль для кода с setTimeout, Promise и console.log",Angie,2024-11-22,interview_Angie_000,Angie,"Определи порядок вывода в консоль для кода с setTimeout, Promise и console.log",227
q1,"По твоему опыту, с какими ограничениями реакта столкнулся? Во что упирается производительность?",Argo Studio,2025-05-28,interview_Argo_Studio_000,Argo Studio,"По твоему опыту, с какими ограничениями реакта столкнулся? Во что упирается производительность?",249
q2,Как решать проблему с SEO оптимизацией реакта?,Argo Studio,2025-05-28,interview_Argo_Studio_000,Argo Studio,Как решать проблему с SEO оптимизацией реакта?,250
q3,"Расскажи про virtual dom, как вообще это работает (reconciliation, эвристический алгоритм, сравнение узлов)?",Argo Studio,2025-05-28,interview_Argo_Studio_000,Argo Studio,"Расскажи про virtual dom, как вообще это работает (reconciliation, эвристический алгоритм, сравнение узлов)?",251
q4,"А к чему может привести поведение, при котором старый дом сразу же удаляется, если элементы разные (эвристический алгоритм)?",Argo Studio,2025-05-28,interview_Argo_Studio_000,Argo Studio,"А к чему может привести поведение, при котором старый дом сразу же удаляется, если элементы разные (эвристический алгоритм)?",252
q5,Расскажи про key в реакте?,Argo Studio,2025-05-28,interview_Argo_Studio_000,Argo Studio,Расскажи про key в реакте?,253
q6,"Спрашивает про глубокую работу браузера, как отрисовывает страницу реакт. Глубже чем Critical Render Path (архитектура Chromium)",Argo Studio,2025-05-28,interview_Argo_Studio_000,Argo Studio,"Спрашивает про глубокую работу браузера, как отрисовывает страницу реакт. Глубже чем Critical Render Path (архитектура Chromium)",254
q7,Расскажи что такое Critical render path?,Argo Studio,2025-05-28,interview_Argo_Studio_000,Argo Studio,Расскажи что такое Critical render path?,255
q8,visibility: hidden / display: none отличия. Какие стадии отрисовки страницы затрагивают?,Argo Studio,2025-05-28,interview_Argo_Studio_000,Argo Studio,visibility: hidden / display: none отличия. Какие стадии отрисовки страницы затрагивают?,256
q9,Какие ещё css правила затрагивают изменение layout?,Argo Studio,2025-05-28,interview_Argo_Studio_000,Argo Studio,Какие ещё css правила затрагивают изменение layout?,257
q10,Использовал ли какие-то сложные конструкции Typescript?,Argo Studio,2025-05-28,interview_Argo_Studio_000,Argo Studio,Использовал ли какие-то сложные конструкции Typescript?,258
q11,"Приведи пример использования дженериков. Как бы ты типизировал компонент какой-нибудь, который может разный тип на вход принимать",Argo Studio,2025-05-28,interview_Argo_Studio_000,Argo Studio,"Приведи пример использования дженериков. Как бы ты типизировал компонент какой-нибудь, который может разный тип на вход принимать",259
q12,"Был ли опыт настройки линтеров, конфигов?",Argo Studio,2025-05-28,interview_Argo_Studio_000,Argo Studio,"Был ли опыт настройки линтеров, конфигов?",260
q13,Был ли опыт создания своих npm-пакетов?,Argo Studio,2025-05-28,interview_Argo_Studio_000,Argo Studio,Был ли опыт создания своих npm-пакетов?,261
q14,"Расскажи подробно как редачили npm пакеты, где хранили и тд",Argo Studio,2025-05-28,interview_Argo_Studio_000,Argo Studio,"Расскажи подробно как редачили npm пакеты, где хранили и тд",262
q15,Какими свойствами должен обладать хороший unit-тест?,Argo Studio,2025-05-28,interview_Argo_Studio_000,Argo Studio,Какими свойствами должен обладать хороший unit-тест?,263
q16,"Есть процентная метрика покрытия unit тестами проекта. Как думаешь, насколько эта метрика вообще полезна?",Argo Studio,2025-05-28,interview_Argo_Studio_000,Argo Studio,"Есть процентная метрика покрытия unit тестами проекта. Как думаешь, насколько эта метрика вообще полезна?",264
q17,"В каких случаях покрытие тестами может только навредить разработке? Не ускорить, а замедлить?",Argo Studio,2025-05-28,interview_Argo_Studio_000,Argo Studio,"В каких случаях покрытие тестами может только навредить разработке? Не ускорить, а замедлить?",265
q18,По какому флоу разработки работали в команде? (Git Flow),Argo Studio,2025-05-28,interview_Argo_Studio_000,Argo Studio,По какому флоу разработки работали в команде? (Git Flow),266
q19,Знаешь что такое trunk based development?,Argo Studio,2025-05-28,interview_Argo_Studio_000,Argo Studio,Знаешь что такое trunk based development?,267
q20,Какая у вас архитектура на проекте? Знаком с FSD?,Argo Studio,2025-05-28,interview_Argo_Studio_000,Argo Studio,Какая у вас архитектура на проекте? Знаком с FSD?,268
q21,"Типизируй компонент Select с использованием дженериков, чтобы он мог принимать разные типы значения в зависимости от режима работы (single или multi)",Argo Studio,2025-05-28,interview_Argo_Studio_000,Argo Studio,"Типизируй компонент Select с использованием дженериков, чтобы он мог принимать разные типы значения в зависимости от режима работы (single или multi)",269
q1,var/let/const,ATI.su,2025-02-17,interview_ATI.su_000,ATI.su,var/let/const,270
q2,Что ещё хостится в JavaScript и почему (function declaration),ATI.su,2025-02-17,interview_ATI.su_000,ATI.su,Что ещё хостится в JavaScript и почему (function declaration),271
q3,Объясните прототипное наследование в JavaScript,ATI.su,2025-02-17,interview_ATI.su_000,ATI.su,Объясните прототипное наследование в JavaScript,272
q4,Для чего нужны классы в JavaScript,ATI.su,2025-02-17,interview_ATI.su_000,ATI.su,Для чего нужны классы в JavaScript,273
q5,"Объясните асинхронность в JavaScript, как работает RequestAnimationFrame, и как работают промисы",ATI.su,2025-02-17,interview_ATI.su_000,ATI.su,"Объясните асинхронность в JavaScript, как работает RequestAnimationFrame, и как работают промисы",274
q6,Как браузер парсит страницу,ATI.su,2025-02-17,interview_ATI.su_000,ATI.su,Как браузер парсит страницу,275
q7,Что самое дешёвое для анимации в браузере (transform) и как часто RequestAnimationFrame будет запускаться,ATI.su,2025-02-17,interview_ATI.su_000,ATI.su,Что самое дешёвое для анимации в браузере (transform) и как часто RequestAnimationFrame будет запускаться,276
q8,"Зачем нужен TypeScript и React, в чём их преимущества",ATI.su,2025-02-17,interview_ATI.su_000,ATI.su,"Зачем нужен TypeScript и React, в чём их преимущества",277
q9,Объясните контекст в React,ATI.su,2025-02-17,interview_ATI.su_000,ATI.su,Объясните контекст в React,278
q10,Стоит ли выносить статический список за пределы компонента или в отдельный компонент,ATI.su,2025-02-17,interview_ATI.su_000,ATI.su,Стоит ли выносить статический список за пределы компонента или в отдельный компонент,279
q11,"Как работает Redux, в чём его отличие от других стейт-менеджеров",ATI.su,2025-02-17,interview_ATI.su_000,ATI.su,"Как работает Redux, в чём его отличие от других стейт-менеджеров",280
q12,Что такое микрофронты и как они работают,ATI.su,2025-02-17,interview_ATI.su_000,ATI.su,Что такое микрофронты и как они работают,281
q13,Вопросы по работе с webpack,ATI.su,2025-02-17,interview_ATI.su_000,ATI.su,Вопросы по работе с webpack,282
q14,"Какие виды уязвимостей XSS, CORS, CSRF вы знаете и как бы их исправляли",ATI.su,2025-02-17,interview_ATI.su_000,ATI.su,"Какие виды уязвимостей XSS, CORS, CSRF вы знаете и как бы их исправляли",283
