row_id_1,row_id_2,sim_embed,sim_char,id_1,question_text_1,company_1,date_1,id_2,question_text_2,company_2,date_2
10,133,0.9909379482269287,0.9306030289905818,q1,Что такое замыкания,- Ту Софт,2024-09-26,q7,Что такое замыкание,Alderasoft,2025-02-07
10,1134,0.9805908203125,0.9365275229664228,q1,Что такое замыкания,- Ту Софт,2024-09-26,q7,Что такое замыкания?,Evapps,2025-01-28
13,5777,0.9832568168640137,0.9188499669616743,q4,Что такое React,- Ту Софт,2024-09-26,q5,Что такое React?,Райффайзен,2025-04-03
13,622,0.9707162380218506,0.9188499669616743,q4,Что такое React,- Ту Софт,2024-09-26,q1,Что такое react?,Bnd,2024-10-21
31,1135,0.9817306995391846,0.9405263064721321,q1,Что такое event-loop,07 Точка Маркетплейсы,2024-07-26,q8,Что такое event-loop?,Evapps,2025-01-28
33,1321,0.9799027442932129,1.0,q2,this,Бсс,2024-10-18,q20,This,Glowbyte,2024-07-03
36,7720,0.9678986072540283,1.0,q5,EventLoop,Бсс,2024-10-18,q2,Eventloop,Фалт Системс,2025-07-02
44,1004,0.9676767587661743,1.0000000000000004,q13,useRef,Бсс,2024-10-18,q16,UseRef,Digital Sector,2025-05-22
46,1107,0.9942407608032227,0.9320910432923396,q15,HOC (Higher Order Component),Бсс,2024-10-18,q14,HOC (Higher Order Components),Enot io,2024-10-25
46,4039,0.9538780450820923,0.9209295181185732,q15,HOC (Higher Order Component),Бсс,2024-10-18,q12,Что такое HOC (Higher Order Component),ГНИВЦ,2025-03-26
51,5993,0.9780535697937012,1.0000000000000002,q20,HTTP vs HTTPS,Бсс,2024-10-18,q9,Http vs Https,Ротек,2024-11-11
63,559,0.9539631605148315,1.0,q6,Solid,65Apps,2025-01-17,q3,SOLID,BI.Zone,2025-02-08
68,3200,0.9873478412628174,1.0,q2,Virtual dom,Action Tech,2025-04-16,q6,Virtual Dom,Umbrella It,2025-01-31
68,749,0.9854276180267334,1.0,q2,Virtual dom,Action Tech,2025-04-16,q11,Virtual DOM,Click2Money,2024-06-03
68,541,0.9650583267211914,0.9022887178228977,q2,Virtual dom,Action Tech,2025-04-16,q16,Virtual DOM.,BetBoom,2024-09-24
70,4235,0.994052529335022,1.0,q4,Мемоизация в react,Action Tech,2025-04-16,q15,Мемоизация в React,Вендорteamf,2025-02-07
71,96,0.9893587231636047,1.0000000000000004,q5,Event loop,Action Tech,2025-04-16,q5,Event Loop,Aggregate Digital,2024-11-07
71,809,0.9796891808509827,1.0000000000000004,q5,Event loop,Action Tech,2025-04-16,q13,event loop,Cosysoft,2024-06-07
84,133,0.981031060218811,0.9382616194442572,q6,Что такое замыкание?,AEX Soft,2025-04-30,q7,Что такое замыкание,Alderasoft,2025-02-07
85,1387,0.9900908470153809,1.0000000000000007,q7,Что такое reconciliation в React?,AEX Soft,2025-04-30,q5,Что такое Reconciliation в React?,Highhelp,2025-07-15
85,4364,0.98639976978302,0.9814106429853078,q7,Что такое reconciliation в React?,AEX Soft,2025-04-30,q13,Что такое reconciliation в React,Гарда,2024-09-01
85,849,0.9766527414321899,0.9814106429853078,q7,Что такое reconciliation в React?,AEX Soft,2025-04-30,q9,Что такое Reconciliation в React,Darinsoft,2024-11-06
86,5509,0.9823293685913086,0.9351555186559932,q8,Что такое EventLoop?,AEX Soft,2025-04-30,q7,Что такое EventLoop,Ооо Мобайлдевелопмент,2024-10-24
86,1236,0.9783122539520264,0.9351555186559932,q8,Что такое EventLoop?,AEX Soft,2025-04-30,q5,Что такое eventLoop,Funbox,2024-06-18
86,3537,0.9741595983505249,0.9351555186559932,q8,Что такое EventLoop?,AEX Soft,2025-04-30,q5,что такое eventLoop,Аv.By,2025-06-02
92,2175,0.9803669452667236,0.9546245627239879,q1,Что такое чистая функция,Aggregate Digital,2024-11-07,q1,Что такое чистая функция?,Mozen,2024-06-25
96,809,0.9747556447982788,1.0000000000000004,q5,Event Loop,Aggregate Digital,2024-11-07,q13,event loop,Cosysoft,2024-06-07
97,4948,0.9796611070632935,0.9392100367132221,q6,Что такое VDOM,Aggregate Digital,2024-11-07,q4,Что такое VDOM?,Кб 12,2024-10-29
128,4958,0.9869292378425598,0.9896351258532916,q2,В чем разница между null и undefined,Alderasoft,2025-02-07,q5,В чем разница между null и undefined?,Киберлаб,2024-08-16
128,3684,0.983798086643219,0.9469992332508526,q2,В чем разница между null и undefined,Alderasoft,2025-02-07,q15,Разница между null и undefined,Алабуга,2025-05-13
156,1291,0.9924641847610474,1.0000000000000002,q1,Расскажи про опыт,Algorithmic Brains,2024-07-12,q1,расскажи про опыт,Glowbyte,2024-07-10
157,4180,0.9963624477386475,0.9085544094048192,q2,"Объясните разницу между var, let и const",Algorithmic Brains,2024-07-12,q8,"Опишите разницу между var, let и const",БФТ Холдинг,2024-07-18
167,3633,0.9879589080810547,0.9721455691406582,q3,Что такое Context в React?,Altenar,2025-07-11,q4,Что такое Context в React,Ай Теко,2024-12-05
200,2747,0.9762800931930542,1.0,q1,Как пришел в IT,AmoCRM,2025-07-16,q2,Как пришел в it,Sarex,2024-10-27
245,7923,0.9811190366744995,0.9568981130102069,q3,Что такое JavaScript?,Angie,2024-11-22,q18,Что такое JavaScript,Эремейч Рус,2025-06-17
252,2010,0.9754489660263062,0.9463278890876703,q10,Как работает EventLoop?,Angie,2024-11-22,q4,Как работает EventLoop,LegalTech,2025-06-12
252,7142,0.9736494421958923,0.9463278890876703,q10,Как работает EventLoop?,Angie,2024-11-22,q19,Как работает eventLoop,Согаз,2024-12-06
252,8365,0.9679794311523438,0.9463278890876703,q10,Как работает EventLoop?,Angie,2024-11-22,q4,как работает eventloop,Яндекс,2025-01-30
287,4915,0.9945504665374756,0.9367155934769047,q3,Объясните прототипное наследование в JavaScript,ATI.su,2025-02-17,q9,Объяснить прототипное наследование в JavaScript,Исходный Код,2025-03-10
345,728,0.9955782294273376,0.9999999999999992,q11,"Объясните разницу между Function declaration, Function expression и стрелочными функциями",Avs Consulting,2024-11-20,q7,"Объясните разницу между function declaration, function expression и стрелочными функциями",Clevertec,2025-06-16
348,5085,0.9851912260055542,0.9753697445376717,q14,Что такое замыкания в JavaScript?,Avs Consulting,2024-11-20,q3,Что такое замыкания в JavaScript,Купер,2024-07-17
352,771,0.9881469011306763,0.9894345494825739,q18,В чем разница между интерфейсами и типами в TypeScript?,Avs Consulting,2024-11-20,q9,В чем разница между интерфейсами и типами в TypeScript,Cloud.Ru,2024-08-22
355,1964,0.9897897839546204,0.9855223499700129,q21,Что такое Generic в TypeScript и как его использовать?,Avs Consulting,2024-11-20,q10,Что такое Generic в TypeScript и как его использовать,Kvando,2025-01-31
356,6674,0.9867806434631348,0.9169625137062276,q3,Реализуйте функцию debounce с настраиваемой задержкой,Bean Counter,2024-09-24,q2,Напишите функцию debounce с настраиваемой задержкой,Сбер,2024-09-10
356,4914,0.9811462163925171,0.9033611382560623,q3,Реализуйте функцию debounce с настраиваемой задержкой,Bean Counter,2024-09-24,q8,Написать функцию debounce с настраиваемой задержкой,Исходный Код,2025-03-10
358,2042,0.9969963431358337,0.9542803757788015,q5,Задача на замыкание: написать функцию runOnce которая выполняется только один раз,Bean Counter,2024-09-24,q7,"Задача на замыкание: написать функцию runOnce, которая выполняется только один раз",Linked Helper,2024-11-06
372,4234,0.9956519603729248,1.0000000000000002,q14,какие хуки знаешь,Belitsoft,2025-05-16,q14,Какие хуки знаешь,Вендорteamf,2025-02-07
372,5902,0.9841030836105347,0.9556318747984542,q14,какие хуки знаешь,Belitsoft,2025-05-16,q10,Какие хуки знаешь?,Рокет Тех,2024-06-11
373,848,0.9964755773544312,1.0,q15,что такое virtual DOM,Belitsoft,2025-05-16,q8,Что такое Virtual DOM,Darinsoft,2024-11-06
373,2768,0.9933886528015137,1.0,q15,что такое virtual DOM,Belitsoft,2025-05-16,q2,что такое virtual dom,Selecty,2025-04-04
373,4034,0.9816389083862305,1.0,q15,что такое virtual DOM,Belitsoft,2025-05-16,q7,Что такое Virtual Dom,ГНИВЦ,2025-03-26
373,982,0.9760153293609619,0.9498534185525309,q15,что такое virtual DOM,Belitsoft,2025-05-16,q13,Что такое Virtual DOM?,Digital Sector,2025-05-28
373,735,0.9746907949447632,0.9498534185525309,q15,что такое virtual DOM,Belitsoft,2025-05-16,q14,Что такое virtual DOM?,Clevertec,2025-06-16
373,1658,0.9644347429275513,0.9498534185525309,q15,что такое virtual DOM,Belitsoft,2025-05-16,q2,Что такое virtual dom?,Intelsy,2025-07-04
375,7270,0.9973368048667908,1.0,q17,что такое key в React,Belitsoft,2025-05-16,q5,Что такое key в React,СтилСофт,2025-07-08
375,2187,0.9815627336502075,0.964645609281622,q17,что такое key в React,Belitsoft,2025-05-16,q13,Что такое key в React?,Mozen,2024-06-25
380,6727,0.997090220451355,1.0000000000000002,q22,что такое event loop,Belitsoft,2025-05-16,q3,Что такое Event loop,Сбер,2024-07-24
380,2809,0.9970515966415405,1.0000000000000002,q22,что такое event loop,Belitsoft,2025-05-16,q11,Что такое event loop,Sky Capital,2025-02-20
380,610,0.995002269744873,1.0000000000000002,q22,что такое event loop,Belitsoft,2025-05-16,q6,Что такое Event Loop,Bitronics Lab,2025-02-26
380,1383,0.9712766408920288,0.9368653260836391,q22,что такое event loop,Belitsoft,2025-05-16,q1,Что такое event loop?,Highhelp,2025-07-15
387,2875,0.9679614305496216,0.9589598125647394,q2,Какой был состав команды,Bell Integrator,2025-07-16,q2,Какой был состав команды?,Smena,2025-06-25
389,1146,0.9850479364395142,0.924865219294614,q4,На какой грейд себя оцениваешь,Bell Integrator,2025-07-16,q10,На какой грейд себя оцениваете?,Evercode Lab,2025-07-11
391,3992,0.9920796155929565,0.9350813477053356,q6,Методы копирования объектов,Bell Integrator,2025-07-16,q6,Методы копирования объекта,Антара,2024-09-26
401,5719,0.9910774230957031,1.0000000000000004,q4,Что такое CDN,Bell Integrator,2025-07-04,q2,Что такое cdn,Продамус,2024-08-24
410,5487,0.9934432506561279,0.9011676715034347,q13,Объяснить специфичность селекторов в CSS,Bell Integrator,2025-07-04,q15,Объясните специфичность селекторов в CSS,Онлайн Решения,2025-05-22
425,2405,0.9774371981620789,0.9708033577705542,q28,Отличия Promise.all и Promise.allSettled,Bell Integrator,2025-07-04,q8,В чем отличия Promise.all и Promise.allSettled,Prooftech IT,2025-02-26
434,457,0.9853997230529785,0.9571299812914265,q38,Разница между useEffect и useLayoutEffect,Bell Integrator,2025-07-04,q12,В чем разница между useEffect и useLayoutEffect,Bell Integrator,2025-01-31
434,6599,0.985274076461792,0.9571299812914265,q38,Разница между useEffect и useLayoutEffect,Bell Integrator,2025-07-04,q17,В чем разница между useLayoutEffect и useEffect,Сбер,2024-10-18
434,3195,0.9819108247756958,0.9397095714464373,q38,Разница между useEffect и useLayoutEffect,Bell Integrator,2025-07-04,q21,Разница между useEffect и useLayoutEffect в React,Tybbo System,2024-11-14
434,3866,0.9719734191894531,0.9411160982962071,q38,Разница между useEffect и useLayoutEffect,Bell Integrator,2025-07-04,q4,В чем разница между useEffect и useLayoutEffect?,Альфа Банк,2025-04-02
434,1507,0.9630324840545654,0.9052319086448812,q38,Разница между useEffect и useLayoutEffect,Bell Integrator,2025-07-04,q12,В чем разница между useEffect и useLayoutEffect в React,iFellow,2025-04-23
438,7550,0.9843449592590332,0.9275673230242033,q42,Какая разница между контролируемыми и неконтролируемыми компонентами в React,Bell Integrator,2025-07-04,q7,Объясните разницу между контролируемыми и неконтролируемыми компонентами в React,Технологии Доверия,2024-05-14
442,2064,0.9868186116218567,0.9816513042207097,q46,Что такое Suspense в React,Bell Integrator,2025-07-04,q7,Что такое Suspense в React?,Luxsoft,2024-08-08
451,7643,0.9805917143821716,0.9513291799986183,q6,Что такое каррирование,Bell Integrator,2025-01-31,q10,Что такое каррирование?,Транснефть,2024-09-25
457,6599,0.9992634057998657,0.9999999999999988,q12,В чем разница между useEffect и useLayoutEffect,Bell Integrator,2025-01-31,q17,В чем разница между useLayoutEffect и useEffect,Сбер,2024-10-18
457,3866,0.988707423210144,0.9832688523938897,q12,В чем разница между useEffect и useLayoutEffect,Bell Integrator,2025-01-31,q4,В чем разница между useEffect и useLayoutEffect?,Альфа Банк,2025-04-02
457,1507,0.9870655536651611,0.9441661555819404,q12,В чем разница между useEffect и useLayoutEffect,Bell Integrator,2025-01-31,q12,В чем разница между useEffect и useLayoutEffect в React,iFellow,2025-04-23
457,6441,0.986076295375824,0.9441661555819404,q12,В чем разница между useEffect и useLayoutEffect,Bell Integrator,2025-01-31,q8,В чем разница между useLayoutEffect и useEffect в React,Сбер,2024-11-19
457,5778,0.9814120531082153,0.9350297928491749,q12,В чем разница между useEffect и useLayoutEffect,Bell Integrator,2025-01-31,q6,В чем разница между useEffect и useLayoutEffect в React?,Райффайзен,2025-04-03
463,2191,0.9779050350189209,0.961089658021191,q19,Что такое tree shaking,Bell Integrator,2025-01-31,q17,Что такое Tree Shaking?,Mozen,2024-06-25
465,4686,0.9771559238433838,0.9514175240337879,q1,Расскажи о своем опыте,Bell Integrator,2024-11-19,q1,Расскажи о своем опыте?,Иннотех,2025-02-17
503,5110,0.9879735708236694,0.983925118663501,q18,Какие правила использования хуков в React?,Bell Integrator,2024-10-31,q21,Какие правила использования хуков в React,Ланит Би Пи Эм,2025-04-14
517,1696,0.9991491436958313,1.0000000000000002,q12,Чем отличается useLayoutEffect от useEffect,BetBoom,2024-10-08,q15,Чем отличается useEffect от useLayoutEffect,IT One,2025-06-27
517,4444,0.9833279848098755,0.9832905443946522,q12,Чем отличается useLayoutEffect от useEffect,BetBoom,2024-10-08,q14,Чем отличается useEffect от useLayoutEffect?,Дарвин,2024-10-18
527,7594,0.9906594753265381,1.0000000000000004,q2,Что ищешь?,BetBoom,2024-09-24,q3,что ищешь?,Точка Банк,2024-06-18
531,5583,0.9878560304641724,0.968666756577635,q6,Что такое CORS и для чего он нужен?,BetBoom,2024-09-24,q4,Что такое CORS и для чего он нужен,Орнитех,2024-10-29
541,749,0.9769550561904907,0.9022887178228977,q16,Virtual DOM.,BetBoom,2024-09-24,q11,Virtual DOM,Click2Money,2024-06-03
541,3200,0.9517368078231812,0.9022887178228977,q16,Virtual DOM.,BetBoom,2024-09-24,q6,Virtual Dom,Umbrella It,2025-01-31
548,4366,0.9797049760818481,0.9394943280212315,q23,Специфичность в CSS.,BetBoom,2024-09-24,q15,Специфичность в CSS,Гарда,2024-09-01
603,2116,0.9859606027603149,0.9797736325643152,q2,Что такое event-loop в JavaScript?,Bitrix24,2024-04-16,q4,Что такое event-loop в JavaScript,Metatraning,2025-03-09
610,6727,0.9967906475067139,1.0000000000000002,q6,Что такое Event Loop,Bitronics Lab,2025-02-26,q3,Что такое Event loop,Сбер,2024-07-24
610,2809,0.9944862723350525,1.0000000000000002,q6,Что такое Event Loop,Bitronics Lab,2025-02-26,q11,Что такое event loop,Sky Capital,2025-02-20
610,1383,0.9697684049606323,0.9368653260836391,q6,Что такое Event Loop,Bitronics Lab,2025-02-26,q1,Что такое event loop?,Highhelp,2025-07-15
614,2777,0.9981420040130615,0.9375936120636718,q10,В чем разница между аутентификацией и авторизацией,Bitronics Lab,2025-02-26,q11,в чем разница между авторизацией и аутентификацией,Selecty,2025-04-04
622,5777,0.9841083288192749,1.0,q1,Что такое react?,Bnd,2024-10-21,q5,Что такое React?,Райффайзен,2025-04-03
628,2274,0.9839143753051758,0.9684539378658696,q7,Зачем нужен TypeScript?,Bnd,2024-10-21,q13,Зачем нужен TypeScript,Perfect Panel,2024-11-12
634,1839,0.9809134006500244,0.9592804487238419,q5,Чем отличается type от interface,Boomerang,2025-05-23,q10,Чем отличается type от interface?,Ittrain,2025-04-15
635,3004,0.9821501970291138,1.0000000000000002,q6,Что такое generic,Boomerang,2025-05-23,q13,Что такое Generic,Soft Media Group,2025-01-31
635,2735,0.9790756702423096,0.9677323723784343,q6,Что такое generic,Boomerang,2025-05-23,q1,Что такое generic?,Rusjet,2024-07-08
635,2385,0.966015100479126,0.9232653538122354,q6,Что такое generic,Boomerang,2025-05-23,q23,Что такое generics?,Prooftech IT,2025-03-03
637,795,0.987962543964386,0.9429273314932499,q8,Что такое type guard,Boomerang,2025-05-23,q1,Что такое type guards,Consaltica,2024-11-20
637,1682,0.9798261523246765,0.9739701530360549,q8,Что такое type guard,Boomerang,2025-05-23,q19,Что такое type guard?,Irlix,2025-03-03
674,5359,0.9834913611412048,0.9543790899560292,q30,Отличие type от interface в TypeScript,Brainshell,2024-07-04,q3,В чем отличие type от interface в TypeScript,Медлайнсофт,2025-04-30
689,3668,0.9876512885093689,0.9696892026045804,q2,Что такое useEffect в React?,Broniboy Тех Скриннинг,2024-08-16,q9,Что такое useEffect в React,Актион,2025-02-05
694,7687,0.986993670463562,0.9288596699486631,q1,Расскажи про свой опыт,Caltat,2024-11-12,q1,Расскажи про свой опыт.,ФАККТ,2025-03-12
696,994,0.9830085039138794,1.0000000000000002,q3,flex vs grid,Caltat,2024-11-12,q4,Flex vs Grid,Digital Sector,2025-05-22
697,2340,0.9886674284934998,1.0000000000000009,q4,var let const,Caltat,2024-11-12,q5,Var let const,pro-test.Studio,2024-10-29
730,2076,0.979647159576416,0.9589380478540374,q9,Как оптимизировать приложение?,Clevertec,2025-06-16,q2,Как оптимизировать приложение,Match,2025-02-26
734,1759,0.9901272058486938,0.988180125619866,q13,В чем разница между type и interface в TypeScript?,Clevertec,2025-06-16,q3,В чем разница между type и interface в TypeScript,IT One,2024-08-17
735,982,0.9983880519866943,1.0000000000000002,q14,Что такое virtual DOM?,Clevertec,2025-06-16,q13,Что такое Virtual DOM?,Digital Sector,2025-05-28
735,1658,0.989733874797821,1.0000000000000002,q14,Что такое virtual DOM?,Clevertec,2025-06-16,q2,Что такое virtual dom?,Intelsy,2025-07-04
735,848,0.9779196977615356,0.9498534185525309,q14,Что такое virtual DOM?,Clevertec,2025-06-16,q8,Что такое Virtual DOM,Darinsoft,2024-11-06
735,2768,0.9682109355926514,0.9498534185525309,q14,Что такое virtual DOM?,Clevertec,2025-06-16,q2,что такое virtual dom,Selecty,2025-04-04
735,4034,0.9617353677749634,0.9498534185525309,q14,Что такое virtual DOM?,Clevertec,2025-06-16,q7,Что такое Virtual Dom,ГНИВЦ,2025-03-26
741,6394,0.9954622983932495,1.0000000000000002,q1,Типы данных js,Click2Money,2024-06-03,q10,типы данных js,Сбер,2025-01-30
749,3200,0.9685404896736145,1.0,q11,Virtual DOM,Click2Money,2024-06-03,q6,Virtual Dom,Umbrella It,2025-01-31
778,5888,0.9756646752357483,0.9293397502513766,q16,Что такое HOC (Higher-Order Component) в React,Cloud.Ru,2024-08-22,q8,Что такое HOC (Higher-Order Component),Ренессанс Страхование,2024-10-18
783,2806,0.9686501026153564,0.9116844329863154,q22,Что такое code splitting,Cloud.Ru,2024-08-22,q8,Что такое Code splitting css,Sky Capital,2025-02-20
790,791,0.9919005632400513,0.9324475607494747,q4,"Реализуйте функцию, которая преобразует вложенный объект в плоский объект с ключами в формате 'a.b.c' и значениями из исходного объекта, используя рекурсию",Comagic,2024-02-13,q5,"Реализуйте функцию, которая преобразует вложенный объект в плоский объект с ключами в формате 'a.b.c' и значениями из исходного объекта, используя стек вместо рекурсии",Comagic,2024-02-13
795,1682,0.9704890251159668,0.9183830773563589,q1,Что такое type guards,Consaltica,2024-11-20,q19,Что такое type guard?,Irlix,2025-03-03
806,4109,0.9975844621658325,1.0000000000000004,q10,что такое рекурсия,Cosysoft,2024-06-07,q8,Что такое рекурсия,АФЛТ Систем,2025-07-07
816,942,0.9990464448928833,0.9124812680060475,q4,"Реализуйте функцию parallelLimit, которая выполняет несколько асинхронных задач с ограничением на количество параллельных вызовов",Cosysoft,2024-06-03,q4,"Реализуйте функцию parallelLimit, которая выполняет несколько асинхронных задач с ограничением по количеству параллельных вызовов",Dcloud,2024-06-10
834,6783,0.9929075241088867,1.0,q2,как работает event loop,CubeLab,2024-07-13,q3,Как работает event loop,Сбер,2024-07-24
834,2374,0.9747104644775391,0.9475042150111291,q2,как работает event loop,CubeLab,2024-07-13,q12,Как работает event loop?,Prooftech IT,2025-03-03
834,2662,0.9721351861953735,0.9475042150111291,q2,как работает event loop,CubeLab,2024-07-13,q2,Как работает Event Loop?,Right Line,2024-07-01
848,2768,0.9904953241348267,1.0,q8,Что такое Virtual DOM,Darinsoft,2024-11-06,q2,что такое virtual dom,Selecty,2025-04-04
848,4034,0.9842190742492676,1.0,q8,Что такое Virtual DOM,Darinsoft,2024-11-06,q7,Что такое Virtual Dom,ГНИВЦ,2025-03-26
848,982,0.9810601472854614,0.9498534185525309,q8,Что такое Virtual DOM,Darinsoft,2024-11-06,q13,Что такое Virtual DOM?,Digital Sector,2025-05-28
848,1658,0.9682466983795166,0.9498534185525309,q8,Что такое Virtual DOM,Darinsoft,2024-11-06,q2,Что такое virtual dom?,Intelsy,2025-07-04
849,4364,0.992168664932251,1.0000000000000009,q9,Что такое Reconciliation в React,Darinsoft,2024-11-06,q13,Что такое reconciliation в React,Гарда,2024-09-01
849,1387,0.9867274761199951,0.9814106429853078,q9,Что такое Reconciliation в React,Darinsoft,2024-11-06,q5,Что такое Reconciliation в React?,Highhelp,2025-07-15
850,2759,0.980465829372406,0.9727621259170761,q10,Что такое Fiber в React,Darinsoft,2024-11-06,q2,Что такое fiber в React?,Secure T,2024-01-31
910,2993,0.9708776473999023,1.0,q2,Что такое SOLID,Dataworks,2024-11-20,q1,Что такое Solid,Soft Media Group,2025-01-31
912,3285,0.9981375932693481,0.9299130079305019,q5,В чем отличие стрелочных функций от обычных функций,Dataworks,2024-11-20,q4,В чем отличия стрелочных функций от обычных функций,Unitarius,2025-01-15
925,7667,0.9976320266723633,1.0,q13,Расскажи про Eventloop,Data World,2024-11-12,q1,Расскажи про eventloop,Урбантех,2024-07-13
925,2609,0.9940179586410522,1.0,q13,Расскажи про Eventloop,Data World,2024-11-12,q12,Расскажи про EventLoop,R Vision,2024-11-26
925,3370,0.9817281365394592,1.0,q13,Расскажи про Eventloop,Data World,2024-11-12,q6,Расскажи про EventLoop.,Wanted,2024-09-27
981,1001,0.9785952568054199,0.9317163036003175,q12,Объяснить глубокое и неглубокое копирование объекта,Digital Sector,2025-05-28,q12,Глубокое и неглубокое копирование объекта,Digital Sector,2025-05-22
982,1658,0.9888591766357422,1.0000000000000002,q13,Что такое Virtual DOM?,Digital Sector,2025-05-28,q2,Что такое virtual dom?,Intelsy,2025-07-04
982,2768,0.969992995262146,0.9498534185525309,q13,Что такое Virtual DOM?,Digital Sector,2025-05-28,q2,что такое virtual dom,Selecty,2025-04-04
982,4034,0.9648482799530029,0.9498534185525309,q13,Что такое Virtual DOM?,Digital Sector,2025-05-28,q7,Что такое Virtual Dom,ГНИВЦ,2025-03-26
983,7521,0.9876778721809387,0.9765141345575727,q14,Что такое Portal в React?,Digital Sector,2025-05-28,q4,Что такое Portal в React,Тех Тпп Лаб,2024-07-03
995,3622,0.9876636266708374,1.0,q5,Тег picture,Digital Sector,2025-05-22,q5,тег picture,Ай Теко,2025-04-07
1020,4759,0.9852169752120972,0.9808545914245108,q11,Какие типы данных есть в JavaScript?,Dodo Brands,2024-10-14,q10,Какие типы данных есть в JavaScript,Иннотех,2024-09-05
1023,5907,0.9846019744873047,0.9078608350264953,q14,Что такое CI/CD?,Dodo Brands,2024-10-14,q15,Что такое CI/CD,Рокет Тех,2024-06-11
1032,7897,0.9505487680435181,0.9190664536556392,q2,"Реализовать функцию debounce на чистом JavaScript без использования готовых библиотек, которая вызывает переданную функцию только если пауза в наборе текста составила 1 секунду, имитируя отложенный вызов для текстового поиска с участием бэкенда",ED IT,2025-02-06,q2,"Реализовать функцию debounse(fn, delay=1000) на чистом JavaScript без использования готовых библиотек, которая вызывает переданную функцию fn только если пауза в наборе текста составила 1 секунду, имитируя отложенный вызов для текстового поиска с участием бэкенда",ЭД Айти,2025-01-15
1036,3731,0.9752456545829773,1.0000000000000004,q5,"call, bind, apply",Egar Technology,2025-01-29,q8,"Call, bind, apply",Аласкар,2024-06-26
1104,6849,0.9871213436126709,1.0000000000000002,q10,Хуки React,Enot io,2024-10-25,q3,хуки React,Сбер,2024-06-19
1107,4314,0.9516699314117432,0.9055551303120698,q14,HOC (Higher Order Components),Enot io,2024-10-25,q22,"HOC (Higher Order Components), примеры",Газпром Нефть,2025-06-06
1124,5989,0.9963229894638062,1.0000000000000002,q4,как развиваешься,Evapps,2025-02-05,q3,Как развиваешься,Ротек,2024-11-11
1124,2261,0.9749333262443542,0.9449735233946226,q4,как развиваешься,Evapps,2025-02-05,q4,Как развиваешься?,Orionpro,2024-11-29
1137,3027,0.9983072280883789,1.0,q1,Про опыт,Evercode Lab,2025-07-11,q1,про опыт,Solar,2024-10-25
1180,7688,0.9917349815368652,0.920300001165467,q1,"Виды хранилищ и их отличия (localStorage, sessionStorage, cookie, IndexedDB)",Facct,2025-03-16,q2,"Виды хранилищ и их отличия (localstorage, session storage, cookie, indexdb).",ФАККТ,2025-03-12
1198,3188,0.9798868894577026,0.9575423257372995,q19,Как работает сборщик мусора?,Facct,2025-03-16,q13,Как работает сборщик мусора,Tybbo System,2024-11-14
1236,3537,0.9980417490005493,1.0,q5,Что такое eventLoop,Funbox,2024-06-18,q5,что такое eventLoop,Аv.By,2025-06-02
1236,5509,0.99776691198349,1.0,q5,Что такое eventLoop,Funbox,2024-06-18,q7,Что такое EventLoop,Ооо Мобайлдевелопмент,2024-10-24
1251,3946,0.9691957235336304,0.9408983590012228,q8,Отличия классовых компонентов от функциональных,Funbox,2024-06-14,q2,Отличия классовых компонентов от функциональных в React,Альфа Банк,2024-06-25
1265,1613,0.9896190166473389,0.929304051575464,q2,Расскажи про проекты,Gitverse,2024-09-24,q46,Расскажи про проект,iFellow,2025-02-14
1284,3017,0.9800428748130798,0.9785362865084195,q17,useEffect vs useLayoutEffect?,Glowbyte,2024-10-21,q6,useEffect vs useLayoutEffect,Sok Studio,2024-11-15
1305,5817,0.968775749206543,1.0,q3,Что такое rest,Glowbyte,2024-07-03,q5,Что такое REST,Рамблер,2024-11-27
1306,6789,0.9878090620040894,1.0,q4,Методы http,Glowbyte,2024-07-03,q4,Методы HTTP,Сбер,2024-07-21
1354,6510,0.9814239740371704,0.9238911403064713,q8,Почему уходишь с текущего места,Goinvest,2024-07-08,q9,Почему уходишь с текущего места работы,Сбер,2024-10-23
1354,6881,0.9669305086135864,0.9060920037220608,q8,Почему уходишь с текущего места,Goinvest,2024-07-08,q2,Почему уходишь с текущего места работы?,Северсталь,2025-06-11
1376,3501,0.9763847589492798,0.9819019021513188,q4,Как свободное время проводишь?,Highhelp,2025-07-18,q4,Как свободное время проводишь,Zero Agency,2025-07-08
1377,3499,0.9784395098686218,0.9624081847261796,q5,Чем увлекаешься?,Highhelp,2025-07-18,q2,Чем увлекаешься,Zero Agency,2025-07-08
1383,2809,0.9778320789337158,0.9368653260836391,q1,Что такое event loop?,Highhelp,2025-07-15,q11,Что такое event loop,Sky Capital,2025-02-20
1383,6727,0.9748241305351257,0.9368653260836391,q1,Что такое event loop?,Highhelp,2025-07-15,q3,Что такое Event loop,Сбер,2024-07-24
1385,6474,0.9760009050369263,0.9390463307800737,q3,"В чем разница между Promise.all, Promise.allSettled, Promise.race и Promise.any?",Highhelp,2025-07-15,q7,"Объяснить разницу между Promise.all, Promise.allSettled, Promise.race и Promise.any",Сбер,2024-11-06
1387,4364,0.9793328046798706,0.9814106429853078,q5,Что такое Reconciliation в React?,Highhelp,2025-07-15,q13,Что такое reconciliation в React,Гарда,2024-09-01
1393,5840,0.9827605485916138,0.9522311017942979,q1,Что такое SOLID-принципы?,Hitch By Red Mad Robot,2024-08-29,q9,Что такое SOLID-принципы,Рв Системс,2025-06-27
1428,1680,0.9827032089233398,0.9360558420739298,q18,Что такое дженерики,Holyweb,2025-03-23,q17,Что такое дженерики?,Irlix,2025-03-03
1428,3695,0.9607385396957397,0.9502113870035136,q18,Что такое дженерики,Holyweb,2025-03-23,q28,Что такое дженерик,Алабуга,2025-05-13
1431,2811,0.9893460273742676,1.0000000000000002,q22,Что такое React Fiber,Holyweb,2025-03-23,q13,Что такое react fiber,Sky Capital,2025-02-20
1431,7867,0.971088171005249,0.9384069091696078,q22,Что такое React Fiber,Holyweb,2025-03-23,q12,Что такое react fiber?,Цифровые Привычки,2025-06-06
1452,8209,0.999565839767456,0.9643279546588331,q1,"Реализуйте функцию getRoute, которая принимает массив объектов с полями from, to и weight, и возвращает массив объектов с полями from, to, weight, где для каждого from указан путь с минимальным весом до to",Hyperus,2024-12-13,q1,"Реализуйте функцию getRoute, которая принимает массив объектов с полями from, to, weight и возвращает массив объектов с полями from, to, weight, где для каждого from указан путь с минимальным весом до to",Яндекс,2025-05-15
1462,1554,0.9893054962158203,0.9070012627168594,q9,Какие способы организации асинхронности знаешь в JS?,iFellow,2025-07-18,q15,Какие способы организации асинхронности знаешь в JavaScript?,iFellow,2025-02-21
1476,1532,0.9882737398147583,0.9969576123477111,q1,"Расскажи о последнем релевантном опыте. Сделать акцент на личных достижениях, знаковых задачах",iFellow,2025-07-09,q1,"Расскажи о последнем релевантном опыте. Сделать акцент на личных достижениях, знаковых задачах.",iFellow,2025-02-25
1488,1562,0.9896048307418823,0.9621529820327887,q1,"Сделать на CSS фигуру: в квадрат вписать четыре треугольника с общей вершиной в центре, используя абсолютное позиционирование и бордеры для создания треугольников",iFellow,2025-07-09,q1,"Реализовать на CSS фигуру: в квадрат вписаны четыре треугольника с общей вершиной в центре, используя абсолютное позиционирование и бордеры для создания треугольников",iFellow,2025-02-21
1489,6289,0.992730975151062,0.9806754345187788,q2,"Объяснить, что будет в консоли и почему при выполнении кода: (function() { var a = b = 3; })(); console.log(typeof a); console.log(typeof b);",iFellow,2025-07-09,q15,Что будет в консоли и почему при выполнении кода: (function() { var a = b = 3; })(); console.log(typeof a); console.log(typeof b);,Сбер,2025-04-15
1489,1563,0.9899722337722778,0.924996718948742,q2,"Объяснить, что будет в консоли и почему при выполнении кода: (function() { var a = b = 3; })(); console.log(typeof a); console.log(typeof b);",iFellow,2025-07-09,q2,Что будет в консоли при выполнении кода: (function(){ var a = b = 3; })(); console.log(typeof a); console.log(typeof b);,iFellow,2025-02-21
1496,6798,0.997861385345459,1.0000000000000009,q4,Зачем нужен key в React,iFellow,2025-05-21,q17,Зачем нужен Key в React,Сбер,2024-07-21
1497,3687,0.9930329918861389,1.0,q1,Что такое Promise,iFellow,2025-04-23,q20,Что такое promise,Алабуга,2025-05-13
1507,6441,0.9992384910583496,1.0,q12,В чем разница между useEffect и useLayoutEffect в React,iFellow,2025-04-23,q8,В чем разница между useLayoutEffect и useEffect в React,Сбер,2024-11-19
1507,3195,0.988860011100769,0.9633102994274209,q12,В чем разница между useEffect и useLayoutEffect в React,iFellow,2025-04-23,q21,Разница между useEffect и useLayoutEffect в React,Tybbo System,2024-11-14
1507,5778,0.9884093999862671,0.990323352856116,q12,В чем разница между useEffect и useLayoutEffect в React,iFellow,2025-04-23,q6,В чем разница между useEffect и useLayoutEffect в React?,Райффайзен,2025-04-03
1507,6599,0.9858509302139282,0.9441661555819404,q12,В чем разница между useEffect и useLayoutEffect в React,iFellow,2025-04-23,q17,В чем разница между useLayoutEffect и useEffect,Сбер,2024-10-18
1507,3866,0.9710832834243774,0.9283691722682058,q12,В чем разница между useEffect и useLayoutEffect в React,iFellow,2025-04-23,q4,В чем разница между useEffect и useLayoutEffect?,Альфа Банк,2025-04-02
1519,4665,0.9790840744972229,0.9500595467228887,q5,Как работает Event-loop,iFellow,2025-04-21,q10,Как работает event-loop?,Иннополис,2025-07-06
1522,2590,0.9919501543045044,0.9999999999999993,q8,Any vs unknown,iFellow,2025-04-21,q17,any vs unknown,R Vision,2024-11-27
1555,3167,0.9838062524795532,0.9822504977285114,q16,Какие способы копирования объекта знаешь?,iFellow,2025-02-21,q12,Какие способы копирования объекта знаешь,Trendtech,2024-07-10
1557,1939,0.9721493721008301,0.9484497938268031,q18,Какое отличие event.target от event.currentTarget?,iFellow,2025-02-21,q8,В чем отличие event.target от event.currentTarget,Kedoo,2025-05-23
1560,6486,0.9865753054618835,0.9843852930425412,q21,Зачем нужен атрибут key в React?,iFellow,2025-02-21,q9,Зачем нужен атрибут key в React,Сбер,2024-11-03
1563,6289,0.9960333108901978,0.9432241151249419,q2,Что будет в консоли при выполнении кода: (function(){ var a = b = 3; })(); console.log(typeof a); console.log(typeof b);,iFellow,2025-02-21,q15,Что будет в консоли и почему при выполнении кода: (function() { var a = b = 3; })(); console.log(typeof a); console.log(typeof b);,Сбер,2025-04-15
1571,4870,0.9925562143325806,1.0000000000000002,q4,Расскажи про Event Loop,iFellow,2025-02-14,q6,Расскажи про event loop,Интерфакс,2025-07-06
1582,1827,0.9840341806411743,0.9796910272881472,q15,Как центрировать блок с помощью CSS?,iFellow,2025-02-14,q8,Как центрировать блок с помощью CSS,Itsports,2024-11-15
1584,2080,0.9846304655075073,0.9865297547353561,q17,Какие методы адаптивной верстки знаешь?,iFellow,2025-02-14,q7,Какие методы адаптивной верстки знаешь,Match,2025-02-26
1620,3532,0.9976509809494019,0.9226670995993127,q4,"Реализуйте функцию parallelLimit, которая принимает массив асинхронных функций и ограничивает количество одновременно выполняемых задач",iFellow,2024-12-17,q2,"Реализуйте функцию parallelLimit, которая принимает массив асинхронных задач и ограничивает количество одновременно выполняемых задач",А2Code,2025-02-11
1658,2768,0.9733384847640991,0.9498534185525309,q2,Что такое virtual dom?,Intelsy,2025-07-04,q2,что такое virtual dom,Selecty,2025-04-04
1658,4034,0.9717614650726318,0.9498534185525309,q2,Что такое virtual dom?,Intelsy,2025-07-04,q7,Что такое Virtual Dom,ГНИВЦ,2025-03-26
1666,5286,0.9767966270446777,0.9675951118729285,q1,На каких проектах работал?,Irlix,2025-03-03,q1,На каких проектах работал,Мегафон,2025-02-25
1675,2413,0.9840577244758606,0.956072639798658,q12,Отличие useEffect от useLayoutEffect,Irlix,2025-03-03,q17,В чем отличие useLayoutEffect от useEffect,Prooftech IT,2025-02-26
1675,2697,0.9672031402587891,0.979292674836703,q12,Отличие useEffect от useLayoutEffect,Irlix,2025-03-03,q3,Отличие useEffect от useLayoutEffect ?,Riverside,2024-11-20
1679,6134,0.9815114736557007,0.9447559424285428,q16,Что такое батчинг?,Irlix,2025-03-03,q25,Что такое батчинг,Ртлабс,2025-02-25
1696,4444,0.9845598340034485,0.9832905443946522,q15,Чем отличается useEffect от useLayoutEffect,IT One,2025-06-27,q14,Чем отличается useEffect от useLayoutEffect?,Дарвин,2024-10-18
1711,1720,0.9990859031677246,0.9561928322108486,q2,"Необходимо преобразовать исходный массив пользователей в структуру, где данные пользователя сгруппированы по одному из полей объекта user (кроме поля id), внутри группы ключами являются id, а значениями объекты пользователя без поля id",IT One,2025-02-03,q2,"Необходимо преобразовать исходный массив пользователей в структуру, где данные сгруппированы по одному из полей объекта user (кроме поля id), внутри группы ключами являются id, а значениями объекты пользователей без поля id",IT One,2025-01-30
1735,4304,0.9836272597312927,1.0,q6,эвент луп,IT One,2024-08-25,q12,Эвент луп,Газпром Нефть,2025-06-06
1739,1743,0.9909793138504028,0.9851325711004518,q4,"Сравните str1 === str2, где str1 = String(123), str2 = new String(123)",IT One,2024-08-17,q9,"Сравните str1 == str2, где str1 = String(123), str2 = new String(123)",IT One,2024-08-17
1742,1744,0.9920839071273804,0.9732664291159105,q7,"Сравните str1 === 123, где str1 = String(123)",IT One,2024-08-17,q10,"Сравните str1 == 123, где str1 = String(123)",IT One,2024-08-17
1759,3360,0.985849142074585,0.9563341860324405,q3,В чем разница между type и interface в TypeScript,IT One,2024-08-17,q5,Разница между type и interface в TypeScript,Vk Инфраструктура,2025-04-16
1759,4993,0.9835585951805115,0.9563341860324405,q3,В чем разница между type и interface в TypeScript,IT One,2024-08-17,q6,Разница между Type и Interface в TypeScript,Код Безопасности,2024-09-26
1759,5802,0.983372688293457,0.9563341860324405,q3,В чем разница между type и interface в TypeScript,IT One,2024-08-17,q14,Разница между type и interface в typescript,Райффайзен,2024-10-10
1800,2613,0.9969791173934937,0.9195618899299933,q10,Расскажите про утилити типы в TypeScript,IT One,2024-01-22,q16,Расскажи про утилити типы в TypeScript,R Vision,2024-11-26
1820,3030,0.9772236943244934,0.9774183612040838,q1,Как были выстроены процессы в команде,Itsports,2024-11-15,q4,как были выстроены процессы в команде?,Solar,2024-10-25
1821,7816,0.990633487701416,0.9858212188061308,q2,Как происходила оценка задач,Itsports,2024-11-15,q2,Как происходила оценка задачи,Цб Рф,2024-11-20
1821,4061,0.9750548601150513,0.9621378180128833,q2,Как происходила оценка задач,Itsports,2024-11-15,q6,Как происходила оценка задач?,Армо Системы,2024-10-25
1889,7597,0.9977535605430603,1.0000000000000002,q21,Что такое мемоизация?,Jsa Group,2024-12-11,q6,что такое мемоизация?,Точка Банк,2024-06-18
1889,5115,0.983420193195343,0.9395181370104029,q21,Что такое мемоизация?,Jsa Group,2024-12-11,q27,Что такое мемоизация,Ланит Би Пи Эм,2025-04-14
1933,6947,0.9926692247390747,0.9357480910944721,q2,Работал ли с CI/CD,Kedoo,2025-05-23,q13,Работал ли с CI/CD?,Северсталь,2024-07-15
1965,7547,0.9698184728622437,0.9306563018828286,q11,Объясните основные принципы работы Redux,Kvando,2025-01-31,q3,Объясните основные принципы работы React,Технологии Доверия,2024-05-14
2010,7142,0.998558521270752,1.0000000000000002,q4,Как работает EventLoop,LegalTech,2025-06-12,q19,Как работает eventLoop,Согаз,2024-12-06
2010,8365,0.9839569330215454,1.0000000000000002,q4,Как работает EventLoop,LegalTech,2025-06-12,q4,как работает eventloop,Яндекс,2025-01-30
2020,2035,0.9997780323028564,0.9883637867108352,q1,"Написать функцию sostavChisla(massivChisel: number[], chislo: number), которая находит все возможные уникальные комбинации чисел из massivChisel, сумма которых равна chislo, при условии, что massivChisel содержит только уникальные положительные числа, в комбинации не должно быть повторений чисел, все комбинации должны быть уникальными",Linked Helper,2025-05-09,q1,"Написать функцию sostavChisla(massivChisel: number[], chislo: number), которая находит все возможные уникальные комбинации чисел из massivChisel, сумма которых равна chislo, при условии что massivChisel содержит только уникальные положительные числа, в комбинации не должно быть повторений чисел, и все комбинации должны быть уникальными",Linked Helper,2024-11-25
2020,2028,0.9997555017471313,0.9939295765022785,q1,"Написать функцию sostavChisla(massivChisel: number[], chislo: number), которая находит все возможные уникальные комбинации чисел из massivChisel, сумма которых равна chislo, при условии, что massivChisel содержит только уникальные положительные числа, в комбинации не должно быть повторений чисел, все комбинации должны быть уникальными",Linked Helper,2025-05-09,q1,"Написать функцию sostavChisla(massivChisel: number[], chislo: number), которая находит все возможные уникальные комбинации чисел из massivChisel, сумма которых равна chislo, при условии что massivChisel содержит только уникальные положительные числа, в комбинации не должно быть повторений чисел, все комбинации должны быть уникальными",Linked Helper,2025-02-04
2020,2027,0.9941489696502686,0.9261850363461512,q1,"Написать функцию sostavChisla(massivChisel: number[], chislo: number), которая находит все возможные уникальные комбинации чисел из massivChisel, сумма которых равна chislo, при условии, что massivChisel содержит только уникальные положительные числа, в комбинации не должно быть повторений чисел, все комбинации должны быть уникальными",Linked Helper,2025-05-09,q6,"Написать функцию sostavChisla(massivChisel: number[], chislo: number), которая находит все уникальные комбинации чисел из massivChisel, сумма которых равна chislo, при условии что massivChisel содержит уникальные положительные числа, в комбинациях нет повторений чисел, и все комбинации уникальны.",Linked Helper,2025-02-06
2027,2035,0.9935663938522339,0.9383146378934618,q6,"Написать функцию sostavChisla(massivChisel: number[], chislo: number), которая находит все уникальные комбинации чисел из massivChisel, сумма которых равна chislo, при условии что massivChisel содержит уникальные положительные числа, в комбинациях нет повторений чисел, и все комбинации уникальны.",Linked Helper,2025-02-06,q1,"Написать функцию sostavChisla(massivChisel: number[], chislo: number), которая находит все возможные уникальные комбинации чисел из massivChisel, сумма которых равна chislo, при условии что massivChisel содержит только уникальные положительные числа, в комбинации не должно быть повторений чисел, и все комбинации должны быть уникальными",Linked Helper,2024-11-25
2027,2028,0.9931426048278809,0.9324602033369388,q6,"Написать функцию sostavChisla(massivChisel: number[], chislo: number), которая находит все уникальные комбинации чисел из massivChisel, сумма которых равна chislo, при условии что massivChisel содержит уникальные положительные числа, в комбинациях нет повторений чисел, и все комбинации уникальны.",Linked Helper,2025-02-06,q1,"Написать функцию sostavChisla(massivChisel: number[], chislo: number), которая находит все возможные уникальные комбинации чисел из massivChisel, сумма которых равна chislo, при условии что massivChisel содержит только уникальные положительные числа, в комбинации не должно быть повторений чисел, все комбинации должны быть уникальными",Linked Helper,2025-02-04
2028,2035,0.9999464750289917,0.9944361857640356,q1,"Написать функцию sostavChisla(massivChisel: number[], chislo: number), которая находит все возможные уникальные комбинации чисел из massivChisel, сумма которых равна chislo, при условии что massivChisel содержит только уникальные положительные числа, в комбинации не должно быть повторений чисел, все комбинации должны быть уникальными",Linked Helper,2025-02-04,q1,"Написать функцию sostavChisla(massivChisel: number[], chislo: number), которая находит все возможные уникальные комбинации чисел из massivChisel, сумма которых равна chislo, при условии что massivChisel содержит только уникальные положительные числа, в комбинации не должно быть повторений чисел, и все комбинации должны быть уникальными",Linked Helper,2024-11-25
2065,5782,0.9955604076385498,1.0,q8,Что такое Middleware в Redux?,Luxsoft,2024-08-08,q10,Что такое middleware в Redux?,Райффайзен,2025-04-03
2081,3040,0.9503016471862793,1.0000000000000002,q8,CORS,Match,2025-02-26,q15,cors,Solar,2024-10-25
2121,2548,0.9804968237876892,0.9252688461760373,q3,Какая разница между display: none и visibility: hidden?,MinervaSOFT,2024-11-24,q12,В чем разница между display: none и visibility: hidden,Queen Games,2025-03-14
2186,4442,0.9853932857513428,0.9999999999999998,q12,Что такое reconciliation?,Mozen,2024-06-25,q12,Что такое Reconciliation?,Дарвин,2024-10-18
2187,7270,0.9869049787521362,0.964645609281622,q13,Что такое key в React?,Mozen,2024-06-25,q5,Что такое key в React,СтилСофт,2025-07-08
2221,7879,0.9881617426872253,0.9655955081197868,q3,С каким стеком работал,Nexign,2025-06-20,q3,с каким стеком работал?,Чатап,2025-05-26
2253,5487,0.9629788398742676,0.9139354137839197,q4,Объясните специфичность селекторов,Noname,2025-03-18,q15,Объясните специфичность селекторов в CSS,Онлайн Решения,2025-05-22
2261,5989,0.9795083999633789,0.9449735233946226,q4,Как развиваешься?,Orionpro,2024-11-29,q3,Как развиваешься,Ротек,2024-11-11
2265,3166,0.9879378080368042,0.95914070122141,q2,Какие тесты писали,Perfect Panel,2024-11-12,q11,Какие тесты писал,Trendtech,2024-07-10
2266,2778,0.9978679418563843,1.0000000000000002,q3,Что такое вебсокеты,Perfect Panel,2024-11-12,q12,что такое вебсокеты,Selecty,2025-04-04
2271,6770,0.9675829410552979,0.9073986728762649,q10,"Разница между var, let и const",Perfect Panel,2024-11-12,q10,"В чем разница между var, let и const?",Сбер,2024-07-24
2306,3129,0.9912455081939697,1.0000000000000002,q13,Минусы redux,Polydev,2025-02-07,q25,Минусы Redux,Tecius,2024-07-16
2330,3046,0.98907470703125,0.9440593794536803,q6,Какие хуки использовал?,Premium IT Solution,2024-07-11,q1,Какие хуки использовал,Spacebit,2024-07-10
2333,5836,0.9864846467971802,0.9743545940589494,q9,Что такое порталы в React?,Premium IT Solution,2024-07-11,q4,Что такое порталы в React,Рв Системс,2025-06-27
2351,7933,0.9953111410140991,1.0,q1,Расскажи про себя,Prooftech IT,2025-03-05,q1,расскажи про себя,Юспи Групп,2024-11-12
2353,6997,0.9964519739151001,1.0000000000000002,q3,Почему ищешь работу,Prooftech IT,2025-03-05,q1,почему ищешь работу,Сигнал,2025-03-11
2354,6848,0.9669082760810852,1.0,q4,Типы данных,Prooftech IT,2025-03-05,q2,типы данных,Сбер,2024-06-19
2355,6357,0.9908191561698914,0.9569306674988577,q5,В чем разница между == и ===,Prooftech IT,2025-03-05,q9,В чем разница между == и ===?,Сбер,2025-02-12
2357,5284,0.9893918633460999,0.9690507590465388,q7,"В чем разница между let, var и const",Prooftech IT,2025-03-05,q7,"В чем разница между let, var и const?",Мегаплан,2025-02-25
2374,2662,0.9958380460739136,0.9999999999999993,q12,Как работает event loop?,Prooftech IT,2025-03-03,q2,Как работает Event Loop?,Right Line,2024-07-01
2374,6783,0.9756059646606445,0.9475042150111291,q12,Как работает event loop?,Prooftech IT,2025-03-03,q3,Как работает event loop,Сбер,2024-07-24
2404,3535,0.9976193904876709,1.0000000000000002,q7,Что такое промисы,Prooftech IT,2025-02-26,q3,что такое промисы,Аv.By,2025-06-02
2409,4989,0.9959805607795715,1.0000000000000002,q13,Что такое Type Guards в TypeScript,Prooftech IT,2025-02-26,q11,Что такое type guards в TypeScript,Код Безопасности,2024-10-11
2409,4994,0.9743356704711914,0.9053160117200247,q13,Что такое Type Guards в TypeScript,Prooftech IT,2025-02-26,q7,Type Guards в TypeScript,Код Безопасности,2024-09-26
2410,2726,0.990615725517273,0.9878218847923196,q14,В чем отличие interface от type в TypeScript,Prooftech IT,2025-02-26,q10,В чем отличие interface от type в TypeScript?,RTSoft,2025-06-06
2462,4777,0.9836882948875427,0.9881379619684966,q8,Что такое лексическое окружение в JavaScript,Pyrus,2025-05-18,q8,Что такое лексическое окружение в JavaScript?,Иннотех,2024-08-22
2593,3170,0.9905680418014526,1.0000000000000002,q20,Utility Types,R Vision,2024-11-27,q15,Utility types,Trendtech,2024-07-10
2609,7667,0.9925028085708618,1.0,q12,Расскажи про EventLoop,R Vision,2024-11-26,q1,Расскажи про eventloop,Урбантех,2024-07-13
2609,3370,0.9891428351402283,1.0,q12,Расскажи про EventLoop,R Vision,2024-11-26,q6,Расскажи про EventLoop.,Wanted,2024-09-27
2614,7788,0.9612518548965454,0.9404159684599999,q17,Отличие any от unknown в TypeScript,R Vision,2024-11-26,q8,В чем отличие any от unknown в TypeScript?,Финуслуги,2025-07-10
2626,4850,0.9993399977684021,0.9138745883019492,q4,"Реализуйте функцию parallelLimit, которая выполняет несколько асинхронных задач с ограничением по количеству одновременно выполняемых",Radium Finance,2024-12-17,q2,"Реализуйте функцию parallelLimit, которая выполняет несколько асинхронных задач с ограничением на количество одновременно выполняемых",Иннотех,2024-04-16
2662,6783,0.9709476828575134,0.9475042150111291,q2,Как работает Event Loop?,Right Line,2024-07-01,q3,Как работает event loop,Сбер,2024-07-24
2698,6134,0.979367733001709,0.9459324307551001,q4,Что такое батчинг ?,Riverside,2024-11-20,q25,Что такое батчинг,Ртлабс,2025-02-25
2727,3877,0.9836764335632324,0.9033069548189073,q11,"В чем разница между Utility types Pick, Omit и Exclude в TypeScript?",RTSoft,2025-06-06,q15,В чем разница между utility types omit и exclude в TypeScript?,Альфа Банк,2025-04-02
2735,3004,0.9598194360733032,0.9677323723784343,q1,Что такое generic?,Rusjet,2024-07-08,q13,Что такое Generic,Soft Media Group,2025-01-31
2768,4034,0.9910593628883362,1.0,q2,что такое virtual dom,Selecty,2025-04-04,q7,Что такое Virtual Dom,ГНИВЦ,2025-03-26
2774,3308,0.9778355360031128,1.0,q8,что такое rest api,Selecty,2025-04-04,q3,Что такое REST API,VegaSoft,2025-07-07
2792,2795,0.9959086179733276,0.9494643162795372,q1,"Given a string s, find the first non-repeating character in the entire string and return its index. If it does not exist, return -1",Signal,2025-03-04,q1,"Given a string s, find the first non-repeating character in it and return its index. If it does not exist, return -1",Signal,2024-04-05
2805,4753,0.995951771736145,0.9999999999999999,q7,Что такое Critical rendering path,Sky Capital,2025-02-20,q4,Что такое critical rendering path,Иннотех,2024-09-05
2805,5678,0.9506628513336182,0.9021455873883607,q7,Что такое Critical rendering path,Sky Capital,2025-02-20,q1,critical rendering path,Поле.рф,2024-09-15
2809,6727,0.9982398152351379,1.0000000000000002,q11,Что такое event loop,Sky Capital,2025-02-20,q3,Что такое Event loop,Сбер,2024-07-24
2811,7867,0.9830303192138672,0.9384069091696078,q13,Что такое react fiber,Sky Capital,2025-02-20,q12,Что такое react fiber?,Цифровые Привычки,2025-06-06
2831,3672,0.9901463985443115,1.0,q5,Что такое DOM,Sl Soft,2024-10-31,q2,Что такое dom,Алабуга,2025-05-13
2898,7476,0.9540839195251465,0.9381220398601616,q1,Отличия http от https,Sminex,2025-07-04,q7,В чем отличия HTTP от HTTPS,Теле2,2024-06-12
2941,6517,0.9905647039413452,0.938488824982989,q29,Работал ли с GraphQL?,SoftJet,2024-05-24,q16,Работал ли с GraphQL,Сбер,2024-10-23
2941,6880,0.988018274307251,1.0000000000000002,q29,Работал ли с GraphQL?,SoftJet,2024-05-24,q1,Работал ли с graphql?,Северсталь,2025-06-11
2951,3481,0.9895826578140259,0.9501714948994848,q40,Настраивал ли CI/CD?,SoftJet,2024-05-24,q12,Настраивал ли CI/CD,X Keeper,2024-06-04
2980,2981,0.9709190130233765,0.9003859340721057,q22,"Вызывается ли функция, если мы обернем её в useCallback",Softnetix,2024-02-19,q23,"Вызывается ли функция, если мы обернем её в useMemo",Softnetix,2024-02-19
2995,4230,0.975997805595398,1.0,q4,Promise,Soft Media Group,2025-01-31,q7,promise,Вендорteamf,2025-02-07
3002,3800,0.9930433034896851,0.931985016909407,q11,Какие Utility types знаете,Soft Media Group,2025-01-31,q16,Какие utility types знаешь,Альфа Банк,2025-07-07
3035,3993,0.9925245642662048,1.0,q9,расскажи про хуки,Solar,2024-10-25,q7,Расскажи про хуки,Антара,2024-09-26
3039,6120,0.9800220131874084,0.9999999999999999,q14,методы http запросов,Solar,2024-10-25,q8,Методы HTTP запросов,Ртлабс,2025-02-25
3116,8013,0.9857052564620972,0.973414307192527,q12,Что такое промисы в JavaScript,Tecius,2024-07-16,q4,Что такое промисы в JavaScript?,Яндекс,2025-07-01
3118,4014,0.9844881892204285,0.9775439625329456,q14,Что такое дженерики в TypeScript,Tecius,2024-07-16,q6,Что такое дженерики в TypeScript?,Антара,2024-09-18
3166,4550,0.9861553907394409,0.9376443749589032,q11,Какие тесты писал,Trendtech,2024-07-10,q13,Какие тесты писал?,Домклик,2025-07-04
3195,6441,0.9886668920516968,0.9633102994274209,q21,Разница между useEffect и useLayoutEffect в React,Tybbo System,2024-11-14,q8,В чем разница между useLayoutEffect и useEffect в React,Сбер,2024-11-19
3195,5778,0.9764559268951416,0.9539886855697935,q21,Разница между useEffect и useLayoutEffect в React,Tybbo System,2024-11-14,q6,В чем разница между useEffect и useLayoutEffect в React?,Райффайзен,2025-04-03
3311,6909,0.9933484792709351,0.9520743641012218,q6,Расскажи про WebSocket,VegaSoft,2025-07-07,q3,Расскажи про WebSockets,Северсталь,2024-10-20
3360,4993,0.9975730180740356,1.0,q5,Разница между type и interface в TypeScript,Vk Инфраструктура,2025-04-16,q6,Разница между Type и Interface в TypeScript,Код Безопасности,2024-09-26
3360,5802,0.9970622062683105,1.0,q5,Разница между type и interface в TypeScript,Vk Инфраструктура,2025-04-16,q14,Разница между type и interface в typescript,Райффайзен,2024-10-10
3370,7667,0.9813956022262573,1.0,q6,Расскажи про EventLoop.,Wanted,2024-09-27,q1,Расскажи про eventloop,Урбантех,2024-07-13
3461,4850,0.9945124387741089,0.9132519419329131,q5,"Реализуйте функцию parallelLimit, которая запускает несколько асинхронных задач с ограничением на количество одновременно выполняемых",Wildberries,2024-10-30,q2,"Реализуйте функцию parallelLimit, которая выполняет несколько асинхронных задач с ограничением на количество одновременно выполняемых",Иннотех,2024-04-16
3517,7557,0.9892212152481079,0.9774841436571667,q15,Что такое промисы и как с ними работать?,Zero Agency,2025-06-01,q14,Что такое промисы и как с ними работать,Технологии Доверия,2024-05-14
3524,6372,0.990756630897522,1.0000000000000002,q2,Как работает redux?,Zoftify,2024-06-17,q10,Как работает Redux?,Сбер,2025-01-31
3524,4317,0.9661954641342163,0.9263463487898111,q2,Как работает redux?,Zoftify,2024-06-17,q25,Как работает Redux,Газпром Нефть,2025-06-06
3526,4255,0.9900481700897217,0.9882471894531702,q4,В чем разница между interface и type в TypeScript?,Zoftify,2024-06-17,q1,В чем разница между interface и type в TypeScript,Восточная Горнорудная,2024-01-18
3531,5494,0.9963861107826233,0.9372946561825237,q1,"Реализуйте функцию getRoute, которая принимает массив точек и возвращает маршрут с минимальной суммарной длиной пути",А2Code,2025-02-11,q1,"Реализуйте функцию getRoute, которая принимает массив точек и возвращает оптимальный маршрут с минимальной суммарной длиной пути",Онлайн Школа-Тетрика,2024-10-30
3532,5495,0.9976330995559692,0.9214613397576095,q2,"Реализуйте функцию parallelLimit, которая принимает массив асинхронных задач и ограничивает количество одновременно выполняемых задач",А2Code,2025-02-11,q2,"Реализуйте функцию parallelLimit, которая принимает массив асинхронных задач и ограничивает количество одновременно выполняемых задач заданным лимитом",Онлайн Школа-Тетрика,2024-10-30
3533,5987,0.9953051209449768,1.0000000000000002,q1,расскажите о себе,Аv.By,2025-06-02,q1,Расскажите о себе,Ротек,2024-11-11
3537,5509,0.9959650039672852,1.0,q5,что такое eventLoop,Аv.By,2025-06-02,q7,Что такое EventLoop,Ооо Мобайлдевелопмент,2024-10-24
3581,5019,0.9873474836349487,0.965986081479445,q8,Что такое CORS и как он работает,Аг Логистика,2024-11-17,q11,Что такое CORS и как он работает?,Компания Sapiens Solution,2025-01-27
3684,4958,0.9607785940170288,0.9371837053811773,q15,Разница между null и undefined,Алабуга,2025-05-13,q5,В чем разница между null и undefined?,Киберлаб,2024-08-16
3700,3711,0.9662929773330688,0.9796139479294488,q5,Отличие useEffect и useLayoutEffect,Алабуга,2024-10-20,q6,Отличие useEffect и useLayoutEffect?,Алабуга,2024-09-13
3709,5863,0.9726933240890503,0.9405831377980864,q3,Что такое Web workers?,Алабуга,2024-09-13,q3,Что такое Web Workers,Редсофт,2024-12-09
3710,5298,0.9823530912399292,0.9377815823597393,q4,Работал ли с websockets?,Алабуга,2024-09-13,q4,Работал ли с Websocket,Мегафон,2024-09-02
3754,3786,0.9634003043174744,0.9427234593554474,q4,"Реализовать React-хук useFirstRender, который возвращает true при первом рендере компонента и false при последующих",Альфа Банк,2025-07-16,q3,"Реализовать хук useFirstRender, который возвращает true при первом рендере компонента и false при последующих",Альфа Банк,2025-07-14
3764,4469,0.992882251739502,0.9709730832603413,q9,Был ли опыт с микрофронтами?,Альфа Банк,2025-07-16,q3,Был ли опыт с микрофронтами,Дом.Рф,2025-07-17
3786,3940,0.9880266785621643,0.9419259883214531,q3,"Реализовать хук useFirstRender, который возвращает true при первом рендере компонента и false при последующих",Альфа Банк,2025-07-14,q3,"Реализовать хук useFirstRender, который возвращает true при первом рендере и false при последующих",Альфа Банк,2024-08-17
3797,5504,0.9873557686805725,0.9678386550369851,q12,Разница между блочными и строчными элементами,Альфа Банк,2025-07-07,q1,В чем разница между блочными и строчными элементами,Ооо Мобайлдевелопмент,2024-10-24
3817,4079,0.98309326171875,0.9851702240199339,q15,Что провоцирует ререндер в React?,Альфа Банк,2025-07-04,q12,Что провоцирует ререндер в React,Армо Системы,2024-10-25
3866,6599,0.9877691268920898,0.9832688523938897,q4,В чем разница между useEffect и useLayoutEffect?,Альфа Банк,2025-04-02,q17,В чем разница между useLayoutEffect и useEffect,Сбер,2024-10-18
3866,5778,0.9865635633468628,0.9259662585674584,q4,В чем разница между useEffect и useLayoutEffect?,Альфа Банк,2025-04-02,q6,В чем разница между useEffect и useLayoutEffect в React?,Райффайзен,2025-04-03
3866,6441,0.9701536893844604,0.9283691722682058,q4,В чем разница между useEffect и useLayoutEffect?,Альфа Банк,2025-04-02,q8,В чем разница между useLayoutEffect и useEffect в React,Сбер,2024-11-19
3875,5296,0.9882360100746155,0.968483548902137,q13,Что такое TypeScript и зачем он нужен?,Альфа Банк,2025-04-02,q2,Что такое TypeScript и зачем он нужен,Мегафон,2024-09-02
3876,4734,0.9920411109924316,0.9999999999999999,q14,Что такое utility types в TypeScript?,Альфа Банк,2025-04-02,q11,Что такое Utility Types в TypeScript?,Иннотех,2024-10-04
3889,7593,0.9559862613677979,0.9425699117523253,q2,Самая сложная задача,Альфа Банк,2024-10-02,q2,самая сложная задача?,Точка Банк,2024-06-18
3911,5339,0.9849149584770203,0.9756172161629831,q12,Что такое замыкание в JavaScript,Альфа Банк,2024-10-02,q6,Что такое замыкание в JavaScript?,Медиалогия,2024-10-29
4005,6873,0.9601280689239502,0.9047105199411319,q9,В чем отличие useRef от useState?,Антара,2024-09-22,q4,Отличие useRef от useState,Сбер,2024-01-18
4035,7793,0.9869349002838135,0.9751569503042595,q8,Для чего нужен key в React,ГНИВЦ,2025-03-26,q13,Для чего нужен key в React?,Финуслуги,2025-07-10
4036,4950,0.9895452260971069,0.9701154623163638,q9,В чем разница между useCallback и useMemo,ГНИВЦ,2025-03-26,q6,В чем разница между useCallback и useMemo?,Кб 12,2024-10-29
4036,6842,0.982975423336029,0.9089761006751891,q9,В чем разница между useCallback и useMemo,ГНИВЦ,2025-03-26,q11,В чем разница между useCallback и useMemo в React,Сбер,2024-07-01
4039,7565,0.9750877618789673,0.9276395278060298,q12,Что такое HOC (Higher Order Component),ГНИВЦ,2025-03-26,q24,Что такое HOC (Higher Order Component) в React,Технологии Доверия,2024-05-14
4039,4933,0.9663869738578796,0.9194582604010251,q12,Что такое HOC (Higher Order Component),ГНИВЦ,2025-03-26,q12,Что такое HOC (Higher Order Component) в React?,Калина Софт,2025-06-19
4061,7816,0.9618074893951416,0.948495876412932,q6,Как происходила оценка задач?,Армо Системы,2024-10-25,q2,Как происходила оценка задачи,Цб Рф,2024-11-20
4162,4687,0.9883604049682617,0.9699036809703062,q8,Какие хуки React знаешь,Билайн,2025-03-21,q2,Какие хуки React знаешь?,Иннотех,2025-02-17
4188,4189,0.9860835671424866,0.9231513748847673,q3,"Проанализируйте React-компонент CommentEditor и укажите проблемные места в коде, объясните почему они являются проблемными",Бюро 1440,2025-06-11,q4,"Проанализируйте React-компонент Comments и укажите проблемные места в коде, объясните почему они являются проблемными",Бюро 1440,2025-06-11
4199,4200,0.9926272630691528,0.9234777076698926,q9,"Что выведется в консоль при выполнении цикла for с var и setTimeout, выводящем значение i через 1 секунду",Бюро 1440,2025-03-13,q10,"Что выведется в консоль при выполнении цикла for с let и setTimeout, выводящем значение i через 1 секунду",Бюро 1440,2025-03-13
4204,4205,0.9845371842384338,0.9684114849800259,q14,"Как работает обновление стейта в React, если несколько раз вызвать setState(3)",Бюро 1440,2025-03-13,q15,"Как работает обновление стейта в React, если несколько раз вызвать setState({c: 3})",Бюро 1440,2025-03-13
4234,5902,0.9883472323417664,0.9556318747984542,q14,Какие хуки знаешь,Вендорteamf,2025-02-07,q10,Какие хуки знаешь?,Рокет Тех,2024-06-11
4287,7097,0.9753986597061157,0.9114708233641257,q19,Что такое специфичность селектора в CSS?,Газпром Медиа,2025-04-03,q2,Специфичность селектора в css?,Согаз,2025-07-04
4317,6372,0.975516676902771,0.9263463487898111,q25,Как работает Redux,Газпром Нефть,2025-06-06,q10,Как работает Redux?,Сбер,2025-01-31
4458,5159,0.9745770692825317,0.9455433692693579,q3,Как работает useEffect,Девман,2024-11-15,q15,Как работает useEffect?,Лемма,2024-09-29
4489,7304,0.991771936416626,0.9586647934163013,q9,"Реализовать функцию promiseAll, которая принимает массив промисов и возвращает промис, резолвящийся массивом результатов всех промисов или реджектящийся при ошибке любого из них",Дом.Рф,2024-11-17,q2,"Реализовать функцию promiseAll(promises), которая принимает массив промисов и возвращает промис, резолвящийся массивом результатов всех промисов или реджектящийся при ошибке любого из них",Т Банк,2025-06-26
4511,4569,0.9956356287002563,0.9621152578014247,q11,Про особенности box-sizing: border-box,Домклие,2024-09-05,q11,Особенности box-sizing: border-box,Домклик,2024-07-27
4513,4571,0.9893627762794495,0.9495316485605345,q13,Про свойство position и его значения,Домклие,2024-09-05,q13,Свойство position и его значения,Домклик,2024-07-27
4522,4573,0.9541200399398804,0.9286563858870973,q22,grid-template-columns,Домклие,2024-09-05,q22,Grid-template-columns в CSS,Домклик,2024-07-27
4524,4575,0.9554349184036255,0.9056993178276442,q24,Как задать промежутки между колонками или строками,Домклие,2024-09-05,q24,Как задать промежутки между колонками или строками в CSS Grid,Домклик,2024-07-27
4525,4576,0.9522697329521179,0.9192632514780934,q25,grid-template-areas,Домклие,2024-09-05,q25,Grid-template-areas в CSS,Домклик,2024-07-27
4528,4577,0.9912297129631042,1.0,q28,localStorage vs cookie,Домклие,2024-09-05,q28,LocalStorage vs Cookie,Домклик,2024-07-27
4533,4580,0.968845009803772,0.9472533489895892,q33,"Что будет, если задать списку один и тот же key",Домклие,2024-09-05,q33,"Что будет, если задать списку один и тот же key в React",Домклик,2024-07-27
4534,4581,0.9699159860610962,0.9072041642827774,q34,"Что такое useRef, useMemo, memo",Домклие,2024-09-05,q34,"Что такое useRef, useMemo, memo в React",Домклик,2024-07-27
4538,4584,0.9899604320526123,0.9493658405724619,q38,"Преобразуйте массив чисел в строку с диапазонами: последовательности из трех и более подряд идущих чисел объединяются в диапазон, остальные числа выводятся отдельно",Домклие,2024-09-05,q2,"Преобразуйте массив чисел в строку с диапазонами: последовательности из трех и более подряд идущих чисел объединяются в диапазон через дефис, остальные числа выводятся отдельно",Домклик,2024-07-27
4597,7274,0.9683630466461182,0.9677232156543543,q14,Что такое intersection observer?,Домклик,2024-03-20,q10,Что такое Intersection Observer,СтилСофт,2025-07-08
4643,5077,0.9990113377571106,0.9084032290970752,q1,Объясните разницу между useMemo и useCallback,Евротехкилмат,2024-10-11,q2,Объясни разницу между useMemo и useCallback,Кредит Европа Банк,2024-06-25
4753,5678,0.9568760395050049,0.9021455873883607,q4,Что такое critical rendering path,Иннотех,2024-09-05,q1,critical rendering path,Поле.рф,2024-09-15
4755,6603,0.9910048246383667,0.9056077295801128,q6,Опишите свойство display в CSS,Иннотех,2024-09-05,q21,Объясните свойство display в CSS,Сбер,2024-10-18
4850,4977,0.9984654188156128,0.9801428473231267,q2,"Реализуйте функцию parallelLimit, которая выполняет несколько асинхронных задач с ограничением на количество одновременно выполняемых",Иннотех,2024-04-16,q4,"Реализуйте функцию parallelLimit, которая выполняет несколько асинхронных задач с ограничением на количество одновременно выполняемых задач",Кловер Групп,2024-05-22
4864,7110,0.9770702123641968,0.9432092965290613,q6,Что мотивирует?,Интерфакс,2025-07-06,q6,Что мотивирует,Согаз,2025-06-30
4914,6674,0.9970574975013733,0.9138302994874925,q8,Написать функцию debounce с настраиваемой задержкой,Исходный Код,2025-03-10,q2,Напишите функцию debounce с настраиваемой задержкой,Сбер,2024-09-10
4933,7565,0.9891012907028198,0.9911805532647426,q12,Что такое HOC (Higher Order Component) в React?,Калина Софт,2025-06-19,q24,Что такое HOC (Higher Order Component) в React,Технологии Доверия,2024-05-14
4934,5586,0.9879939556121826,0.9844894573372003,q13,Что такое ErrorBoundary в React?,Калина Софт,2025-06-19,q7,Что такое ErrorBoundary в React,Орнитех,2024-10-29
4989,4994,0.9732708930969238,0.9053160117200247,q11,Что такое type guards в TypeScript,Код Безопасности,2024-10-11,q7,Type Guards в TypeScript,Код Безопасности,2024-09-26
4990,5176,0.9854181408882141,0.9875680446306297,q12,Чем отличается any от unknown в TypeScript,Код Безопасности,2024-10-11,q12,Чем отличается any от unknown в TypeScript?,Лига Цифровой Экономики,2025-07-03
4993,5802,0.9932807087898254,1.0,q6,Разница между Type и Interface в TypeScript,Код Безопасности,2024-09-26,q14,Разница между type и interface в typescript,Райффайзен,2024-10-10
5013,5954,0.9836335182189941,0.988532473125561,q5,Чем interface отличается от type в TypeScript?,Компания Sapiens Solution,2025-01-27,q17,Чем interface отличается от type в TypeScript,Российский Университет Дружбы Народов,2024-11-12
5016,6059,0.9919365048408508,0.9722090697700853,q8,Что такое key в React и зачем он нужен?,Компания Sapiens Solution,2025-01-27,q4,Что такое key в React и зачем он нужен,РСХБ Интех,2024-11-11
5026,6503,0.9821158647537231,0.9718124327727423,q2,Расскажи про последнее место работы?,Компэл,2025-04-10,q1,Расскажи про последнее место работы,Сбер,2024-10-23
5027,7157,0.9828317761421204,0.9693171310254632,q4,Расскажи про первое место работы?,Компэл,2025-04-10,q3,Расскажи про первое место работы,Спортс,2025-07-18
5065,7493,0.9882156252861023,1.0000000000000002,q1,Что такое jsx,Корпорация Элар,2024-07-06,q24,Что такое JSX,Теле2,2024-06-12
5067,5780,0.9830495119094849,0.9687135286036188,q3,Что такое редьюсер в Redux,Корпорация Элар,2024-07-06,q8,Что такое редьюсер в Redux?,Райффайзен,2025-04-03
5115,7597,0.9840701222419739,0.9395181370104029,q27,Что такое мемоизация,Ланит Би Пи Эм,2025-04-14,q6,что такое мемоизация?,Точка Банк,2024-06-18
5154,5838,0.983533501625061,0.903661154730417,q7,Что такое куки?,Лемма,2024-09-29,q6,Что такое куки,Рв Системс,2025-06-27
5247,5262,0.985010027885437,0.9437080180782415,q1,"Виды позиционирования в CSS (static, relative, absolute, fixed, sticky)",Маквес,2025-06-26,q1,"Виды позиционирования SCSS (static, relative, absolute, fixed, sticky)",Маквес,2025-06-26
5248,5263,0.9981663227081299,0.9566989435162921,q2,"Какие есть единицы измерения в CSS и какие лучше использовать (px, em, rem, %, vw, vh)",Маквес,2025-06-26,q2,"Какие есть единицы измерения в CSS, какие лучше использовать (px, em, rem, %, vw, vh)",Маквес,2025-06-26
5250,5265,0.9988414645195007,0.9569100967088071,q4,"Какие существуют псевдо-классы в CSS и для чего они используются (:hover, :active, :focus, :visited, :link, :disabled, :enabled)",Маквес,2025-06-26,q4,"Какие есть псевдо-классы в CSS и для чего они используются (:hover, :active, :focus, :visited, :link, :disabled, :enabled)",Маквес,2025-06-26
5252,5267,0.9965463876724243,0.9480852642362385,q6,Как работает свойство z-index в CSS и какие есть нюансы при большом количестве элементов с z-index и вложенностью,Маквес,2025-06-26,q6,Как работает Z-index в CSS и какие есть нюансы при большом количестве элементов с Z-index и вложенностью,Маквес,2025-06-26
5256,5270,0.9933100938796997,0.9026595253781388,q10,"Расскажите, чем вы занимались на последнем месте работы",Маквес,2025-06-26,q10,"Расскажите, чем занимались на последнем месте работы",Маквес,2025-06-26
5478,7839,0.9941873550415039,0.9467258408904033,q3,Объясните разницу между авторизацией и аутентификацией,Онлайн Решения,2025-05-22,q10,Объяснить разницу между авторизацией и аутентификацией,Центр Авиа,2025-02-07
5494,7903,0.9952929615974426,0.9036422041918858,q1,"Реализуйте функцию getRoute, которая принимает массив точек и возвращает оптимальный маршрут с минимальной суммарной длиной пути",Онлайн Школа-Тетрика,2024-10-30,q1,"Реализуйте функцию getRoute, которая принимает массив точек с координатами и возвращает оптимальный маршрут с минимальной суммарной длиной пути",ЭД Айти,2024-10-11
5778,6441,0.9877833724021912,0.990323352856116,q6,В чем разница между useEffect и useLayoutEffect в React?,Райффайзен,2025-04-03,q8,В чем разница между useLayoutEffect и useEffect в React,Сбер,2024-11-19
5778,6599,0.9798495769500732,0.9350297928491749,q6,В чем разница между useEffect и useLayoutEffect в React?,Райффайзен,2025-04-03,q17,В чем разница между useLayoutEffect и useEffect,Сбер,2024-10-18
5820,5864,0.9977163076400757,1.0,q8,Что такое Websocket,Рамблер,2024-11-27,q5,Что такое WebSocket,Редсофт,2024-12-09
5826,7681,0.9821158051490784,0.9613828004811604,q14,Как оценить сложность алгоритма,Рамблер,2024-11-27,q6,как оценить сложность алгоритма?,Учи.ру,2024-08-27
5826,5912,0.980859637260437,0.9613828004811604,q14,Как оценить сложность алгоритма,Рамблер,2024-11-27,q5,Как оценить сложность алгоритма?,Росбанк,2024-01-18
5861,5979,0.9790688753128052,0.9533816299425614,q1,Что такое виртуализация,Редсофт,2024-12-09,q6,Что такое виртуализация?,Ростелеком Ит,2025-06-13
5912,7681,0.9921892881393433,1.0000000000000002,q5,Как оценить сложность алгоритма?,Росбанк,2024-01-18,q6,как оценить сложность алгоритма?,Учи.ру,2024-08-27
6010,6084,0.9851843118667603,1.0,q3,Что такое HTTP,РСХБ Интех,2025-03-12,q1,Что такое http,РСХБ Интех,2024-09-25
6088,6397,0.969079852104187,0.9173772432064323,q6,"Что такое useMemo, useCallback, memo",РСХБ Интех,2024-09-25,q13,"useMemo, useCallback, memo",Сбер,2025-01-30
6100,6382,0.9887195229530334,1.0000000000000004,q8,Хуки в React,РСХБ Интех,2024-05-22,q7,хуки в React,Сбер,2025-01-31
6157,6217,0.9977429509162903,1.0000000000000002,q1,Вводим url что происходит,Сбер,2025-07-14,q1,вводим url что происходит,Сбер,2025-07-07
6159,6220,0.994828462600708,1.0000000000000002,q3,Рассказать про работу CORS,Сбер,2025-07-14,q4,рассказать про работу CORS,Сбер,2025-07-07
6162,6223,0.9640439748764038,0.9143145313461503,q6,Как сделать разную тему у сайта через чистый CSS,Сбер,2025-07-14,q8,Как сделать разную тему у сайта? Через чистый css,Сбер,2025-07-07
6163,6225,0.9940401315689087,0.9162077641052615,q7,Что находится внутри типа DependencyList = ReadonlyArray<unknown>,Сбер,2025-07-14,q10,что находится внутри type DependencyList = ReadonlyArray<unknown>,Сбер,2025-07-07
6165,6227,0.9935077428817749,0.9457860535879827,q9,Чем отличается стрелочная функция от обычной функции,Сбер,2025-07-14,q12,чем отличается стрелочная функция от обычной,Сбер,2025-07-07
6170,6232,0.9777417182922363,0.9409806862832124,q14,"Как отработают then и catch в следующих цепочках: then().then().catch(), then.catch().then(), catch().then().then()",Сбер,2025-07-14,q17,"Как отработает then и catch в каждом случае? then().then().catch(), then.catch().then(), catch().then().then()",Сбер,2025-07-07
6441,6599,0.9861634969711304,0.9441661555819404,q8,В чем разница между useLayoutEffect и useEffect в React,Сбер,2024-11-19,q17,В чем разница между useLayoutEffect и useEffect,Сбер,2024-10-18
6480,6678,0.9988577365875244,0.9091828151211384,q2,"Можно ли изменять объект, объявленный через const",Сбер,2024-11-03,q3,"Можно ли изменить объект, объявленный через const",Сбер,2024-09-06
6482,7642,0.9804695248603821,0.955918058608461,q5,Как можно скопировать объект,Сбер,2024-11-03,q9,Как можно скопировать объект?,Транснефть,2024-09-25
6503,6548,0.998112678527832,0.9044656109553453,q1,Расскажи про последнее место работы,Сбер,2024-10-23,q1,Расскажите про последнее место работы,Сбер,2024-10-22
6510,6881,0.9861539602279663,0.9807345954432405,q9,Почему уходишь с текущего места работы,Сбер,2024-10-23,q2,Почему уходишь с текущего места работы?,Северсталь,2025-06-11
6517,6880,0.9785366058349609,0.938488824982989,q16,Работал ли с GraphQL,Сбер,2024-10-23,q1,Работал ли с graphql?,Северсталь,2025-06-11
6646,7113,0.9841663837432861,0.9726722538055844,q3,С какими сборщиками работал?,Сбер,2024-09-13,q1,С какими сборщиками работал,Согаз,2025-06-18
6827,7901,0.9938452839851379,0.9164072841960601,q5,"Рассказать про интересные задачи, с которыми вы сталкивались",Сбер,2024-07-01,q3,"Расскажите про интересные задачи, с которыми вы сталкивались",ЭД Айти,2024-11-11
6994,6998,0.9969446659088135,0.9999999999999989,q2,Как вас учили в колледже,Сигнал,2025-03-15,q2,как вас учили в колледже,Сигнал,2025-03-11
7142,8365,0.9847278594970703,1.0000000000000002,q19,Как работает eventLoop,Согаз,2024-12-06,q4,как работает eventloop,Яндекс,2025-01-30
7163,7178,0.9966962337493896,1.0,q1,вопросы по опыту,Спортс,2025-07-08,q1,Вопросы по опыту,Спортс,2025-06-19
7191,8181,0.9788373708724976,0.9559508732771989,q1,Какая роль в команде?,Спринтерра,2025-03-18,q5,Какая роль в команде,Яндекс,2025-05-19
7329,7932,0.9874000549316406,0.9722273596118463,q5,Что такое this в JavaScript?,Т Банк,2025-04-28,q30,Что такое this в JavaScript,Эремейч Рус,2025-06-17
7360,7406,0.980061411857605,0.9481847984697166,q11,Что возвращает setTimeout,Т Банк,2025-02-06,q8,Что возвращает setTimeout?,Т Банк,2024-10-08
7598,7617,0.9855488538742065,0.9772207613768515,q7,что такое реконсиляция?,Точка Банк,2024-06-18,q2,Что такое реконсиляция,Точка Банк,2024-05-14
7627,8524,0.9833374619483948,0.9934809390223795,q9,Для чего используется useRef для хранения переменных в функциональных компонентах React?,Точка Банк,2024-05-13,q6,Для чего используется useRef для хранения переменных в функциональных компонентах React,Яндекс,2024-06-11
7963,8104,0.9853821992874146,0.9731481553382136,q2,"Реализуйте функцию compose, которая принимает переменное количество функций и возвращает новую функцию, результат работы каждой функции передается в следующую",Яндекс,2025-07-17,q4,"Реализовать функцию compose, которая принимает переменное количество функций и возвращает новую функцию, результат работы каждой функции передается в следующую",Яндекс,2025-06-03
8014,8410,0.9730615615844727,0.9406901255896543,q5,Объяснить поведение цепочки промисов с throw и catch на примере Promise.resolve(1).then(x => x + 1).then(x => { throw x }).then(x => console.log(x)).catch(err => console.log(err)).then(x => Promise.resolve(x)).catch(err => console.log(err)).then(x => console.log(x)),Яндекс,2025-07-01,q6,"Объясни, что выведет следующий Promise цепочка: Promise.resolve(1).then(x => x + 1).then(x => { throw x }).then(x => console.log(x)).catch(err => console.log(err)).then(x => Promise.resolve(1)).catch(err => console.log(err)).then(x => console.log(x))",Яндекс,2024-11-14
8014,8330,0.9703336358070374,0.9571829783967063,q5,Объяснить поведение цепочки промисов с throw и catch на примере Promise.resolve(1).then(x => x + 1).then(x => { throw x }).then(x => console.log(x)).catch(err => console.log(err)).then(x => Promise.resolve(x)).catch(err => console.log(err)).then(x => console.log(x)),Яндекс,2025-07-01,q2,Что выведется в консоль при выполнении цепочки промисов: Promise.resolve(1).then(x => x + 1).then(x => { throw x }).then(x => console.log(x)).catch(err => console.log(err)).then(x => Promise.resolve(x)).catch(err => console.log(err)).then(x => console.log(x)),Яндекс,2025-02-22
8014,8338,0.9502775073051453,0.9340661301380203,q5,Объяснить поведение цепочки промисов с throw и catch на примере Promise.resolve(1).then(x => x + 1).then(x => { throw x }).then(x => console.log(x)).catch(err => console.log(err)).then(x => Promise.resolve(x)).catch(err => console.log(err)).then(x => console.log(x)),Яндекс,2025-07-01,q1,Что выведет в консоль следующий код с цепочкой Promise: Promise.resolve(1).then(x => x + 1).then(x => { throw x; }).then(x => console.log(x)).catch(err => console.log(err)).then(x => Promise.resolve(x)).catch(err => console.log(err)).then(x => console.log(x))?,Яндекс,2025-02-11
8015,8145,0.9935986995697021,0.9573653889341985,q1,"Написать декоратор callLimit(fn, limit, callback), который ограничивает число вызовов функции fn до limit, вызывает callback при достижении лимита, и предоставляет метод reset для сброса счётчика вызовов",Яндекс,2025-07-01,q11,"Напишите декоратор callLimit(fn, limit, callback), который ограничивает число вызовов функции fn до limit, вызывает callback при достижении лимита и предоставляет метод reset для сброса счётчика вызовов.",Яндекс,2025-05-27
8050,8229,0.9902594089508057,0.913383254936765,q4,"Реализуйте класс MaxStack с методами push, pop и max, где max возвращает максимальный элемент в стеке за O(1)",Яндекс,2025-06-26,q3,"Реализуйте класс MaxStack с методами push, pop и max, где max возвращает максимальное значение в стеке за O(1)",Яндекс,2025-05-06
8051,8060,0.9962800741195679,0.9752042083445944,q1,"Сделай такую обёртку над функцией, чтобы она вызывалась только один раз - при первом вызове. Все последующие вызовы ничего не делают",Яндекс,2025-06-24,q1,"Сделай такую обёртку над функцией, чтобы она вызывалась только один раз — при первом вызове. Все последующие вызовы ничего не делают",Яндекс,2025-06-23
8119,8202,0.9885360598564148,0.9756102918195144,q7,Приходилось ли оптимизировать приложение?,Яндекс,2025-06-02,q26,Приходилось ли оптимизировать приложение,Яндекс,2025-05-19
8128,8311,0.9965428709983826,0.9491292242125503,q2,"Напишите асинхронную функцию sleep, которая принимает количество миллисекунд, ждет это время и успешно завершается",Яндекс,2025-05-30,q2,"Написать асинхронную функцию sleep, которая принимает количество миллисекунд, ждет это время и успешно завершается",Яндекс,2025-03-02
8145,8483,0.9830305576324463,0.9191248525411048,q11,"Напишите декоратор callLimit(fn, limit, callback), который ограничивает число вызовов функции fn до limit, вызывает callback при достижении лимита и предоставляет метод reset для сброса счётчика вызовов.",Яндекс,2025-05-27,q7,"Напишите декоратор callLimit(fn, limit, callback), который ограничивает число вызовов функции fn до limit, вызывает callback при последнем вызове и предоставляет метод reset для сброса счётчика вызовов",Яндекс,2024-08-10
8214,8425,0.987317681312561,0.9763291482251399,q3,"Реализовать метод groupBy для массивов, который принимает функцию и возвращает объект, где ключи — результаты вызова функции для элементов массива, а значения — массивы элементов с этим ключом",Яндекс,2025-05-15,q2,"Реализуйте метод groupBy для массивов, который принимает функцию и возвращает объект, где ключи — результаты вызова функции для элементов массива, а значения — массивы элементов с этим ключом",Яндекс,2024-10-30
8228,8315,0.9885058403015137,0.9208158674556406,q2,"Реализуйте функцию any, которая работает как Promise.any(): принимает массив промисов и возвращает промис, который резолвится с первым успешным значением или реджектится с AggregateError, если все промисы реджектятся",Яндекс,2025-05-06,q6,"Написать функцию any, которая работает как Promise.any: принимает массив промисов и возвращает промис, который резолвится с первым успешным значением или реджектится с AggregateError, если все промисы отклонены",Яндекс,2025-03-02
8251,8483,0.9950801134109497,0.9484970456863865,q4,"Напишите декоратор callLimit(fn, limit, callback), который ограничивает число вызовов функции fn до limit, вызывает callback при последнем вызове и предоставляет метод для сброса счетчика вызовов",Яндекс,2025-04-22,q7,"Напишите декоратор callLimit(fn, limit, callback), который ограничивает число вызовов функции fn до limit, вызывает callback при последнем вызове и предоставляет метод reset для сброса счётчика вызовов",Яндекс,2024-08-10
8317,8318,0.996794581413269,0.9174250918798644,q2,Что выведет в консоль и почему при выполнении кода: var obj = { a : 1}; function fn(obj) { obj = { c : 5} } fn(obj); console.log(obj)?,Яндекс,2025-02-26,q3,Что выведет в консоль и почему при выполнении кода: var obj = { a : 5}; function fn(obj) { obj.c = 10 } fn(obj); console.log(obj)?,Яндекс,2025-02-26
8330,8410,0.9731683135032654,0.9548321972683431,q2,Что выведется в консоль при выполнении цепочки промисов: Promise.resolve(1).then(x => x + 1).then(x => { throw x }).then(x => console.log(x)).catch(err => console.log(err)).then(x => Promise.resolve(x)).catch(err => console.log(err)).then(x => console.log(x)),Яндекс,2025-02-22,q6,"Объясни, что выведет следующий Promise цепочка: Promise.resolve(1).then(x => x + 1).then(x => { throw x }).then(x => console.log(x)).catch(err => console.log(err)).then(x => Promise.resolve(1)).catch(err => console.log(err)).then(x => console.log(x))",Яндекс,2024-11-14
8330,8338,0.9683971405029297,0.954640609148463,q2,Что выведется в консоль при выполнении цепочки промисов: Promise.resolve(1).then(x => x + 1).then(x => { throw x }).then(x => console.log(x)).catch(err => console.log(err)).then(x => Promise.resolve(x)).catch(err => console.log(err)).then(x => console.log(x)),Яндекс,2025-02-22,q1,Что выведет в консоль следующий код с цепочкой Promise: Promise.resolve(1).then(x => x + 1).then(x => { throw x; }).then(x => console.log(x)).catch(err => console.log(err)).then(x => Promise.resolve(x)).catch(err => console.log(err)).then(x => console.log(x))?,Яндекс,2025-02-11
8338,8410,0.9627460837364197,0.9553386619042734,q1,Что выведет в консоль следующий код с цепочкой Promise: Promise.resolve(1).then(x => x + 1).then(x => { throw x; }).then(x => console.log(x)).catch(err => console.log(err)).then(x => Promise.resolve(x)).catch(err => console.log(err)).then(x => console.log(x))?,Яндекс,2025-02-11,q6,"Объясни, что выведет следующий Promise цепочка: Promise.resolve(1).then(x => x + 1).then(x => { throw x }).then(x => console.log(x)).catch(err => console.log(err)).then(x => Promise.resolve(1)).catch(err => console.log(err)).then(x => console.log(x))",Яндекс,2024-11-14
8350,8380,0.9887514114379883,0.9110109745395742,q3,Что выведет в консоли при выполнении кода: var obj = { a: 1 }; function f2(o) { o = { hello: 1 }; } f2(obj); console.log(obj);,Яндекс,2025-02-06,q3,Что выведет в консоль следующий код: var obj = { a: 1 }; function f2(o) { o = { hello: 1 }; } f2(obj); console.log(obj);,Яндекс,2024-12-24
8485,8486,0.9812208414077759,0.9402011787029827,q2,"Расширьте функцию так, чтобы она корректно обрабатывала входные данные в виде функции",Яндекс,2024-07-29,q3,"Расширьте функцию так, чтобы она корректно обрабатывала входные данные в виде промиса",Яндекс,2024-07-29
